state,state/region,ages,year,population,area (sq. mi)
Alabama,AL,under18,2012,1117489,52423
Alabama,AL,total,2012,4817528,52423
Alabama,AL,under18,2010,1130966,52423
Alabama,AL,total,2010,4785570,52423
Alabama,AL,under18,2011,1125763,52423
Alabama,AL,total,2011,4801627,52423
Alabama,AL,total,2009,4757938,52423
Alabama,AL,under18,2009,1134192,52423
Alabama,AL,under18,2013,1111481,52423
Alabama,AL,total,2013,4833722,52423
Alabama,AL,total,2007,4672840,52423
Alabama,AL,under18,2007,1132296,52423
Alabama,AL,total,2008,4718206,52423
Alabama,AL,under18,2008,1134927,52423
Alabama,AL,total,2005,4569805,52423
Alabama,AL,under18,2005,1117229,52423
Alabama,AL,total,2006,4628981,52423
Alabama,AL,under18,2006,1126798,52423
Alabama,AL,total,2004,4530729,52423
Alabama,AL,under18,2004,1113662,52423
Alabama,AL,total,2003,4503491,52423
Alabama,AL,under18,2003,1113083,52423
Alabama,AL,total,2001,4467634,52423
Alabama,AL,under18,2001,1120409,52423
Alabama,AL,total,2002,4480089,52423
Alabama,AL,under18,2002,1116590,52423
Alabama,AL,under18,1999,1121287,52423
Alabama,AL,total,1999,4430141,52423
Alabama,AL,total,2000,4452173,52423
Alabama,AL,under18,2000,1122273,52423
Alabama,AL,total,1998,4404701,52423
Alabama,AL,under18,1998,1118252,52423
Alabama,AL,under18,1997,1122893,52423
Alabama,AL,total,1997,4367935,52423
Alabama,AL,total,1996,4331103,52423
Alabama,AL,total,1995,4296800,52423
Alabama,AL,under18,1995,1110553,52423
Alabama,AL,under18,1996,1112092,52423
Alabama,AL,total,1994,4260229,52423
Alabama,AL,total,1993,4214202,52423
Alabama,AL,under18,1993,1085606,52423
Alabama,AL,under18,1994,1097180,52423
Alabama,AL,under18,1992,1072873,52423
Alabama,AL,total,1992,4154014,52423
Alabama,AL,total,1991,4099156,52423
Alabama,AL,under18,1991,1060794,52423
Alabama,AL,under18,1990,1050041,52423
Alabama,AL,total,1990,4050055,52423
Alaska,AK,total,1990,553290,656425
Alaska,AK,under18,1990,177502,656425
Alaska,AK,total,1992,588736,656425
Alaska,AK,under18,1991,182180,656425
Alaska,AK,under18,1992,184878,656425
Alaska,AK,total,1994,603308,656425
Alaska,AK,under18,1994,187439,656425
Alaska,AK,total,1991,570193,656425
Alaska,AK,total,1993,599434,656425
Alaska,AK,under18,1993,187190,656425
Alaska,AK,total,1995,604412,656425
Alaska,AK,under18,1995,184990,656425
Alaska,AK,total,1996,608569,656425
Alaska,AK,under18,1996,185360,656425
Alaska,AK,under18,1997,188280,656425
Alaska,AK,under18,1998,192636,656425
Alaska,AK,total,1998,619933,656425
Alaska,AK,total,1997,612968,656425
Alaska,AK,under18,1999,191422,656425
Alaska,AK,total,1999,624779,656425
Alaska,AK,total,2000,627963,656425
Alaska,AK,under18,2000,190615,656425
Alaska,AK,total,2001,633714,656425
Alaska,AK,under18,2001,188771,656425
Alaska,AK,total,2002,642337,656425
Alaska,AK,under18,2002,188482,656425
Alaska,AK,total,2003,648414,656425
Alaska,AK,under18,2003,186843,656425
Alaska,AK,total,2004,659286,656425
Alaska,AK,under18,2004,186335,656425
Alaska,AK,total,2005,666946,656425
Alaska,AK,under18,2005,185304,656425
Alaska,AK,total,2006,675302,656425
Alaska,AK,under18,2006,185580,656425
Alaska,AK,total,2007,680300,656425
Alaska,AK,under18,2007,184344,656425
Alaska,AK,total,2008,687455,656425
Alaska,AK,under18,2008,183124,656425
Alaska,AK,under18,2013,188132,656425
Alaska,AK,total,2013,735132,656425
Alaska,AK,total,2009,698895,656425
Alaska,AK,under18,2009,186351,656425
Alaska,AK,under18,2010,187902,656425
Alaska,AK,total,2010,713868,656425
Alaska,AK,under18,2011,188329,656425
Alaska,AK,total,2011,723375,656425
Alaska,AK,under18,2012,188162,656425
Alaska,AK,total,2012,730307,656425
Arizona,AZ,under18,2012,1617149,114006
Arizona,AZ,total,2012,6551149,114006
Arizona,AZ,under18,2011,1616353,114006
Arizona,AZ,total,2011,6468796,114006
Arizona,AZ,under18,2010,1628563,114006
Arizona,AZ,total,2010,6408790,114006
Arizona,AZ,under18,2013,1616814,114006
Arizona,AZ,total,2013,6626624,114006
Arizona,AZ,total,2009,6343154,114006
Arizona,AZ,under18,2009,1627343,114006
Arizona,AZ,total,2007,6167681,114006
Arizona,AZ,under18,2007,1607895,114006
Arizona,AZ,total,2008,6280362,114006
Arizona,AZ,under18,2008,1628651,114006
Arizona,AZ,total,2005,5839077,114006
Arizona,AZ,under18,2005,1529168,114006
Arizona,AZ,total,2006,6029141,114006
Arizona,AZ,under18,2006,1574867,114006
Arizona,AZ,total,2004,5652404,114006
Arizona,AZ,under18,2004,1484454,114006
Arizona,AZ,total,2003,5510364,114006
Arizona,AZ,under18,2003,1453671,114006
Arizona,AZ,total,2001,5273477,114006
Arizona,AZ,under18,2001,1399015,114006
Arizona,AZ,total,2002,5396255,114006
Arizona,AZ,under18,2002,1427938,114006
Arizona,AZ,under18,1999,1332396,114006
Arizona,AZ,total,1999,5023823,114006
Arizona,AZ,total,2000,5160586,114006
Arizona,AZ,under18,2000,1373414,114006
Arizona,AZ,total,1998,4883342,114006
Arizona,AZ,under18,1998,1285794,114006
Arizona,AZ,total,1997,4736990,114006
Arizona,AZ,under18,1997,1237159,114006
Arizona,AZ,under18,1996,1215285,114006
Arizona,AZ,total,1996,4586940,114006
Arizona,AZ,total,1995,4432499,114006
Arizona,AZ,under18,1995,1173391,114006
Arizona,AZ,total,1993,4065440,114006
Arizona,AZ,under18,1993,1094233,114006
Arizona,AZ,under18,1994,1119857,114006
Arizona,AZ,total,1994,4245089,114006
Arizona,AZ,under18,1992,1055572,114006
Arizona,AZ,under18,1991,1028285,114006
Arizona,AZ,total,1991,3788576,114006
Arizona,AZ,total,1992,3915740,114006
Arizona,AZ,under18,1990,1006040,114006
Arizona,AZ,total,1990,3684097,114006
Arkansas,AR,under18,1990,620933,53182
Arkansas,AR,total,1990,2356586,53182
Arkansas,AR,total,1991,2383144,53182
Arkansas,AR,under18,1991,626212,53182
Arkansas,AR,under18,1992,638269,53182
Arkansas,AR,total,1992,2415984,53182
Arkansas,AR,under18,1994,653842,53182
Arkansas,AR,total,1994,2494019,53182
Arkansas,AR,total,1993,2456303,53182
Arkansas,AR,under18,1993,643474,53182
Arkansas,AR,under18,1995,667671,53182
Arkansas,AR,total,1995,2535399,53182
Arkansas,AR,under18,1996,677912,53182
Arkansas,AR,total,1996,2572109,53182
Arkansas,AR,under18,1998,683637,53182
Arkansas,AR,total,1997,2601091,53182
Arkansas,AR,under18,1997,680203,53182
Arkansas,AR,total,1998,2626289,53182
Arkansas,AR,total,2000,2678588,53182
Arkansas,AR,under18,2000,680378,53182
Arkansas,AR,under18,1999,681940,53182
Arkansas,AR,total,1999,2651860,53182
Arkansas,AR,total,2002,2705927,53182
Arkansas,AR,under18,2002,678798,53182
Arkansas,AR,total,2001,2691571,53182
Arkansas,AR,under18,2001,679606,53182
Arkansas,AR,total,2004,2749686,53182
Arkansas,AR,under18,2004,683166,53182
Arkansas,AR,total,2003,2724816,53182
Arkansas,AR,under18,2003,679579,53182
Arkansas,AR,total,2006,2821761,53182
Arkansas,AR,under18,2006,697842,53182
Arkansas,AR,total,2005,2781097,53182
Arkansas,AR,under18,2005,689787,53182
Arkansas,AR,total,2008,2874554,53182
Arkansas,AR,under18,2008,705725,53182
Arkansas,AR,total,2007,2848650,53182
Arkansas,AR,under18,2007,702737,53182
Arkansas,AR,total,2009,2896843,53182
Arkansas,AR,under18,2009,707886,53182
Arkansas,AR,under18,2013,709866,53182
Arkansas,AR,total,2013,2959373,53182
Arkansas,AR,under18,2011,710576,53182
Arkansas,AR,total,2011,2938506,53182
Arkansas,AR,under18,2010,711947,53182
Arkansas,AR,total,2010,2922280,53182
Arkansas,AR,under18,2012,710471,53182
Arkansas,AR,total,2012,2949828,53182
California,CA,under18,2012,9209007,163707
California,CA,total,2012,37999878,163707
California,CA,under18,2011,9252336,163707
California,CA,total,2011,37668681,163707
California,CA,under18,2010,9284094,163707
California,CA,total,2010,37333601,163707
California,CA,under18,2013,9174877,163707
California,CA,total,2013,38332521,163707
California,CA,total,2009,36961229,163707
California,CA,under18,2009,9294501,163707
California,CA,total,2007,36250311,163707
California,CA,under18,2007,9335620,163707
California,CA,total,2008,36604337,163707
California,CA,under18,2008,9321621,163707
California,CA,total,2005,35827943,163707
California,CA,under18,2005,9405565,163707
California,CA,total,2006,36021202,163707
California,CA,under18,2006,9370884,163707
California,CA,total,2003,35253159,163707
California,CA,under18,2003,9404594,163707
California,CA,total,2004,35574576,163707
California,CA,under18,2004,9418497,163707
California,CA,total,2001,34479458,163707
California,CA,under18,2001,9325466,163707
California,CA,total,2002,34871843,163707
California,CA,under18,2002,9365142,163707
California,CA,under18,1999,9207878,163707
California,CA,total,1999,33499204,163707
California,CA,total,2000,33987977,163707
California,CA,under18,2000,9267089,163707
California,CA,under18,1998,9163238,163707
California,CA,total,1998,32987675,163707
California,CA,under18,1997,9135359,163707
California,CA,total,1997,32486010,163707
California,CA,under18,1996,9079519,163707
California,CA,total,1996,32018834,163707
California,CA,total,1995,31696582,163707
California,CA,under18,1995,8920578,163707
California,CA,total,1993,31274928,163707
California,CA,under18,1993,8624810,163707
California,CA,under18,1994,8790058,163707
California,CA,total,1994,31484435,163707
California,CA,total,1991,30470736,163707
California,CA,under18,1991,8245605,163707
California,CA,under18,1992,8439647,163707
California,CA,total,1992,30974659,163707
California,CA,under18,1990,7980501,163707
California,CA,total,1990,29959515,163707
Colorado,CO,total,1990,3307618,104100
Colorado,CO,under18,1990,881640,104100
Colorado,CO,total,1992,3495939,104100
Colorado,CO,under18,1992,925577,104100
Colorado,CO,under18,1991,896537,104100
Colorado,CO,total,1991,3387119,104100
Colorado,CO,total,1994,3724168,104100
Colorado,CO,under18,1994,966412,104100
Colorado,CO,under18,1993,947806,104100
Colorado,CO,total,1993,3613734,104100
Colorado,CO,under18,1995,984310,104100
Colorado,CO,total,1995,3826653,104100
Colorado,CO,total,1996,3919972,104100
Colorado,CO,under18,1996,1003946,104100
Colorado,CO,under18,1997,1030557,104100
Colorado,CO,total,1997,4018293,104100
Colorado,CO,total,1998,4116639,104100
Colorado,CO,under18,1998,1060066,104100
Colorado,CO,total,2000,4326921,104100
Colorado,CO,under18,2000,1106676,104100
Colorado,CO,total,1999,4226018,104100
Colorado,CO,under18,1999,1083938,104100
Colorado,CO,total,2002,4490406,104100
Colorado,CO,under18,2002,1138273,104100
Colorado,CO,total,2001,4425687,104100
Colorado,CO,under18,2001,1126647,104100
Colorado,CO,total,2004,4575013,104100
Colorado,CO,under18,2004,1146369,104100
Colorado,CO,total,2003,4528732,104100
Colorado,CO,under18,2003,1144597,104100
Colorado,CO,total,2006,4720423,104100
Colorado,CO,under18,2006,1171832,104100
Colorado,CO,total,2005,4631888,104100
Colorado,CO,under18,2005,1156399,104100
Colorado,CO,total,2008,4889730,104100
Colorado,CO,under18,2008,1203289,104100
Colorado,CO,total,2007,4803868,104100
Colorado,CO,under18,2007,1189434,104100
Colorado,CO,total,2009,4972195,104100
Colorado,CO,under18,2009,1217213,104100
Colorado,CO,under18,2013,1237932,104100
Colorado,CO,total,2013,5268367,104100
Colorado,CO,under18,2010,1226619,104100
Colorado,CO,total,2010,5048196,104100
Colorado,CO,under18,2011,1230178,104100
Colorado,CO,total,2011,5118400,104100
Colorado,CO,under18,2012,1232864,104100
Colorado,CO,total,2012,5189458,104100
Connecticut,CT,under18,2012,794959,5544
Connecticut,CT,total,2012,3591765,5544
Connecticut,CT,under18,2011,805109,5544
Connecticut,CT,total,2011,3588948,5544
Connecticut,CT,under18,2010,814187,5544
Connecticut,CT,total,2010,3579210,5544
Connecticut,CT,under18,2013,785566,5544
Connecticut,CT,total,2013,3596080,5544
Connecticut,CT,total,2009,3561807,5544
Connecticut,CT,under18,2009,820839,5544
Connecticut,CT,total,2007,3527270,5544
Connecticut,CT,under18,2007,833484,5544
Connecticut,CT,total,2008,3545579,5544
Connecticut,CT,under18,2008,826626,5544
Connecticut,CT,total,2005,3506956,5544
Connecticut,CT,under18,2005,844034,5544
Connecticut,CT,total,2006,3517460,5544
Connecticut,CT,under18,2006,839372,5544
Connecticut,CT,total,2003,3484336,5544
Connecticut,CT,under18,2003,851115,5544
Connecticut,CT,total,2004,3496094,5544
Connecticut,CT,under18,2004,848979,5544
Connecticut,CT,total,2001,3432835,5544
Connecticut,CT,under18,2001,845850,5544
Connecticut,CT,total,2002,3458749,5544
Connecticut,CT,under18,2002,848877,5544
Connecticut,CT,total,1999,3386401,5544
Connecticut,CT,under18,1999,834654,5544
Connecticut,CT,total,2000,3411777,5544
Connecticut,CT,under18,2000,842242,5544
Connecticut,CT,under18,1998,824600,5544
Connecticut,CT,total,1998,3365352,5544
Connecticut,CT,total,1997,3349348,5544
Connecticut,CT,under18,1997,814373,5544
Connecticut,CT,under18,1996,811855,5544
Connecticut,CT,total,1996,3336685,5544
Connecticut,CT,total,1995,3324144,5544
Connecticut,CT,under18,1995,808623,5544
Connecticut,CT,total,1993,3309175,5544
Connecticut,CT,under18,1993,790749,5544
Connecticut,CT,under18,1994,801231,5544
Connecticut,CT,total,1994,3316121,5544
Connecticut,CT,under18,1991,766304,5544
Connecticut,CT,total,1991,3302895,5544
Connecticut,CT,under18,1992,777264,5544
Connecticut,CT,total,1992,3300712,5544
Connecticut,CT,total,1990,3291967,5544
Connecticut,CT,under18,1990,752666,5544
Delaware,DE,under18,1990,165628,1954
Delaware,DE,total,1990,669567,1954
Delaware,DE,under18,1992,174166,1954
Delaware,DE,total,1992,694927,1954
Delaware,DE,total,1991,683080,1954
Delaware,DE,under18,1991,169910,1954
Delaware,DE,total,1994,717545,1954
Delaware,DE,under18,1994,180833,1954
Delaware,DE,total,1993,706378,1954
Delaware,DE,under18,1993,176916,1954
Delaware,DE,under18,1995,181736,1954
Delaware,DE,total,1995,729735,1954
Delaware,DE,total,1996,740978,1954
Delaware,DE,under18,1996,184021,1954
Delaware,DE,under18,1997,186607,1954
Delaware,DE,total,1997,751487,1954
Delaware,DE,total,1998,763335,1954
Delaware,DE,under18,1998,189302,1954
Delaware,DE,total,2000,786373,1954
Delaware,DE,under18,2000,194914,1954
Delaware,DE,total,1999,774990,1954
Delaware,DE,under18,1999,192510,1954
Delaware,DE,total,2002,806169,1954
Delaware,DE,under18,2002,196946,1954
Delaware,DE,total,2001,795699,1954
Delaware,DE,under18,2001,196038,1954
Delaware,DE,total,2004,830803,1954
Delaware,DE,under18,2004,199631,1954
Delaware,DE,total,2003,818003,1954
Delaware,DE,under18,2003,198045,1954
Delaware,DE,total,2006,859268,1954
Delaware,DE,under18,2006,203729,1954
Delaware,DE,total,2005,845150,1954
Delaware,DE,under18,2005,201988,1954
Delaware,DE,total,2008,883874,1954
Delaware,DE,under18,2008,206116,1954
Delaware,DE,total,2007,871749,1954
Delaware,DE,under18,2007,205155,1954
Delaware,DE,under18,2013,203558,1954
Delaware,DE,total,2013,925749,1954
Delaware,DE,total,2009,891730,1954
Delaware,DE,under18,2009,206213,1954
Delaware,DE,under18,2010,205478,1954
Delaware,DE,total,2010,899711,1954
Delaware,DE,under18,2011,204801,1954
Delaware,DE,total,2011,907985,1954
Delaware,DE,under18,2012,204586,1954
Delaware,DE,total,2012,917053,1954
District of Columbia,DC,under18,2012,107642,68
District of Columbia,DC,total,2012,633427,68
District of Columbia,DC,under18,2011,103906,68
District of Columbia,DC,total,2011,619624,68
District of Columbia,DC,under18,2010,101309,68
District of Columbia,DC,total,2010,605125,68
District of Columbia,DC,under18,2013,111474,68
District of Columbia,DC,total,2013,646449,68
District of Columbia,DC,total,2009,592228,68
District of Columbia,DC,under18,2009,102098,68
District of Columbia,DC,total,2007,574404,68
District of Columbia,DC,under18,2007,104126,68
District of Columbia,DC,total,2008,580236,68
District of Columbia,DC,under18,2008,102257,68
District of Columbia,DC,total,2005,567136,68
District of Columbia,DC,under18,2005,107187,68
District of Columbia,DC,total,2006,570681,68
District of Columbia,DC,under18,2006,105651,68
District of Columbia,DC,total,2003,568502,68
District of Columbia,DC,under18,2003,111403,68
District of Columbia,DC,total,2004,567754,68
District of Columbia,DC,under18,2004,109756,68
District of Columbia,DC,total,2001,574504,68
District of Columbia,DC,under18,2001,114625,68
District of Columbia,DC,total,2002,573158,68
District of Columbia,DC,under18,2002,113822,68
District of Columbia,DC,total,1999,570220,68
District of Columbia,DC,under18,1999,115003,68
District of Columbia,DC,total,2000,572046,68
District of Columbia,DC,under18,2000,114503,68
District of Columbia,DC,under18,1998,113839,68
District of Columbia,DC,total,1998,565232,68
District of Columbia,DC,under18,1997,119531,68
District of Columbia,DC,total,1997,567739,68
District of Columbia,DC,under18,1996,121210,68
District of Columbia,DC,total,1996,572379,68
District of Columbia,DC,total,1995,580519,68
District of Columbia,DC,under18,1995,123620,68
District of Columbia,DC,total,1993,595302,68
District of Columbia,DC,under18,1993,120471,68
District of Columbia,DC,under18,1994,122170,68
District of Columbia,DC,total,1994,589240,68
District of Columbia,DC,total,1991,600870,68
District of Columbia,DC,under18,1991,116825,68
District of Columbia,DC,under18,1992,118636,68
District of Columbia,DC,total,1992,597567,68
District of Columbia,DC,under18,1990,112632,68
District of Columbia,DC,total,1990,605321,68
Florida,FL,total,1990,13033307,65758
Florida,FL,under18,1990,2988807,65758
Florida,FL,under18,1991,3045638,65758
Florida,FL,total,1991,13369798,65758
Florida,FL,total,1994,14239444,65758
Florida,FL,under18,1994,3299887,65758
Florida,FL,under18,1993,3214066,65758
Florida,FL,total,1993,13927185,65758
Florida,FL,total,1992,13650553,65758
Florida,FL,under18,1992,3120439,65758
Florida,FL,under18,1995,3366468,65758
Florida,FL,total,1995,14537875,65758
Florida,FL,total,1996,14853360,65758
Florida,FL,under18,1996,3431695,65758
Florida,FL,under18,1998,3557561,65758
Florida,FL,under18,1997,3502269,65758
Florida,FL,total,1997,15186304,65758
Florida,FL,total,1998,15486559,65758
Florida,FL,total,1999,15759421,65758
Florida,FL,under18,1999,3611711,65758
Florida,FL,total,2000,16047515,65758
Florida,FL,under18,2000,3654880,65758
Florida,FL,total,2001,16356966,65758
Florida,FL,under18,2001,3714439,65758
Florida,FL,total,2002,16689370,65758
Florida,FL,under18,2002,3774624,65758
Florida,FL,total,2003,17004085,65758
Florida,FL,under18,2003,3820876,65758
Florida,FL,total,2004,17415318,65758
Florida,FL,under18,2004,3890734,65758
Florida,FL,total,2005,17842038,65758
Florida,FL,under18,2005,3968178,65758
Florida,FL,total,2006,18166990,65758
Florida,FL,under18,2006,4022912,65758
Florida,FL,total,2007,18367842,65758
Florida,FL,under18,2007,4031098,65758
Florida,FL,total,2008,18527305,65758
Florida,FL,under18,2008,4018372,65758
Florida,FL,total,2009,18652644,65758
Florida,FL,under18,2009,3997283,65758
Florida,FL,under18,2013,4026674,65758
Florida,FL,total,2013,19552860,65758
Florida,FL,under18,2010,3999532,65758
Florida,FL,total,2010,18846054,65758
Florida,FL,under18,2011,4002550,65758
Florida,FL,total,2011,19083482,65758
Florida,FL,under18,2012,4012421,65758
Florida,FL,total,2012,19320749,65758
Georgia,GA,total,2012,9915646,59441
Georgia,GA,under18,2012,2487831,59441
Georgia,GA,under18,2011,2488898,59441
Georgia,GA,total,2011,9810181,59441
Georgia,GA,under18,2010,2490884,59441
Georgia,GA,total,2010,9713248,59441
Georgia,GA,total,2013,9992167,59441
Georgia,GA,total,2009,9620846,59441
Georgia,GA,under18,2009,2485781,59441
Georgia,GA,under18,2013,2489709,59441
Georgia,GA,total,2007,9349988,59441
Georgia,GA,under18,2007,2456249,59441
Georgia,GA,total,2008,9504843,59441
Georgia,GA,under18,2008,2479097,59441
Georgia,GA,total,2005,8925922,59441
Georgia,GA,under18,2005,2353604,59441
Georgia,GA,total,2006,9155813,59441
Georgia,GA,under18,2006,2406014,59441
Georgia,GA,total,2003,8622793,59441
Georgia,GA,under18,2003,2278710,59441
Georgia,GA,total,2004,8769252,59441
Georgia,GA,under18,2004,2308855,59441
Georgia,GA,total,2001,8377038,59441
Georgia,GA,under18,2001,2215390,59441
Georgia,GA,total,2002,8508256,59441
Georgia,GA,under18,2002,2249784,59441
Georgia,GA,total,1999,8045965,59441
Georgia,GA,under18,1999,2130698,59441
Georgia,GA,total,2000,8227303,59441
Georgia,GA,under18,2000,2176576,59441
Georgia,GA,total,1997,7685099,59441
Georgia,GA,under18,1997,2034163,59441
Georgia,GA,under18,1998,2078998,59441
Georgia,GA,total,1998,7863536,59441
Georgia,GA,under18,1996,1993171,59441
Georgia,GA,total,1996,7501069,59441
Georgia,GA,total,1995,7328413,59441
Georgia,GA,under18,1995,1949818,59441
Georgia,GA,under18,1992,1817781,59441
Georgia,GA,total,1992,6817203,59441
Georgia,GA,total,1993,6978240,59441
Georgia,GA,under18,1993,1865021,59441
Georgia,GA,under18,1994,1906539,59441
Georgia,GA,total,1994,7157165,59441
Georgia,GA,total,1991,6653005,59441
Georgia,GA,under18,1991,1773675,59441
Georgia,GA,under18,1990,1747363,59441
Georgia,GA,total,1990,6512602,59441
Hawaii,HI,under18,1990,279983,10932
Hawaii,HI,total,1990,1113491,10932
Hawaii,HI,total,1991,1136754,10932
Hawaii,HI,under18,1991,287871,10932
Hawaii,HI,under18,1994,307517,10932
Hawaii,HI,total,1994,1187536,10932
Hawaii,HI,total,1993,1172838,10932
Hawaii,HI,under18,1993,301473,10932
Hawaii,HI,under18,1992,295124,10932
Hawaii,HI,total,1992,1158613,10932
Hawaii,HI,total,1995,1196854,10932
Hawaii,HI,under18,1995,310325,10932
Hawaii,HI,under18,1996,311213,10932
Hawaii,HI,total,1996,1203755,10932
Hawaii,HI,under18,1998,304576,10932
Hawaii,HI,total,1998,1215233,10932
Hawaii,HI,total,1997,1211640,10932
Hawaii,HI,under18,1997,309465,10932
Hawaii,HI,total,2000,1213519,10932
Hawaii,HI,under18,2000,295352,10932
Hawaii,HI,total,1999,1210300,10932
Hawaii,HI,under18,1999,299680,10932
Hawaii,HI,total,2002,1239613,10932
Hawaii,HI,under18,2002,293600,10932
Hawaii,HI,total,2001,1225948,10932
Hawaii,HI,under18,2001,294133,10932
Hawaii,HI,total,2004,1273569,10932
Hawaii,HI,under18,2004,298103,10932
Hawaii,HI,total,2003,1251154,10932
Hawaii,HI,under18,2003,294519,10932
Hawaii,HI,total,2006,1309731,10932
Hawaii,HI,under18,2006,299313,10932
Hawaii,HI,total,2005,1292729,10932
Hawaii,HI,under18,2005,298497,10932
Hawaii,HI,total,2008,1332213,10932
Hawaii,HI,under18,2008,301094,10932
Hawaii,HI,total,2007,1315675,10932
Hawaii,HI,under18,2007,300207,10932
Hawaii,HI,under18,2013,307266,10932
Hawaii,HI,total,2009,1346717,10932
Hawaii,HI,under18,2009,302796,10932
Hawaii,HI,total,2013,1404054,10932
Hawaii,HI,total,2010,1363731,10932
Hawaii,HI,under18,2010,303812,10932
Hawaii,HI,total,2011,1376897,10932
Hawaii,HI,under18,2011,305396,10932
Hawaii,HI,under18,2012,305981,10932
Hawaii,HI,total,2012,1390090,10932
Idaho,ID,total,2012,1595590,83574
Idaho,ID,under18,2012,427177,83574
Idaho,ID,under18,2011,428535,83574
Idaho,ID,total,2011,1583930,83574
Idaho,ID,under18,2010,428961,83574
Idaho,ID,total,2010,1570718,83574
Idaho,ID,total,2013,1612136,83574
Idaho,ID,total,2009,1554439,83574
Idaho,ID,under18,2009,426076,83574
Idaho,ID,under18,2013,427781,83574
Idaho,ID,total,2007,1505105,83574
Idaho,ID,under18,2007,415024,83574
Idaho,ID,total,2008,1534320,83574
Idaho,ID,under18,2008,422347,83574
Idaho,ID,total,2005,1428241,83574
Idaho,ID,under18,2005,394651,83574
Idaho,ID,total,2006,1468669,83574
Idaho,ID,under18,2006,404753,83574
Idaho,ID,total,2003,1363380,83574
Idaho,ID,under18,2003,379241,83574
Idaho,ID,total,2004,1391802,83574
Idaho,ID,under18,2004,384692,83574
Idaho,ID,total,2001,1319962,83574
Idaho,ID,under18,2001,373145,83574
Idaho,ID,total,2002,1340372,83574
Idaho,ID,under18,2002,375986,83574
Idaho,ID,total,1999,1275674,83574
Idaho,ID,under18,1999,366689,83574
Idaho,ID,total,2000,1299430,83574
Idaho,ID,under18,2000,370430,83574
Idaho,ID,total,1997,1228520,83574
Idaho,ID,under18,1997,357779,83574
Idaho,ID,under18,1998,362189,83574
Idaho,ID,total,1998,1252330,83574
Idaho,ID,under18,1996,353824,83574
Idaho,ID,total,1996,1203083,83574
Idaho,ID,total,1995,1177322,83574
Idaho,ID,under18,1995,349248,83574
Idaho,ID,under18,1992,324972,83574
Idaho,ID,total,1992,1071685,83574
Idaho,ID,total,1993,1108768,83574
Idaho,ID,under18,1993,333838,83574
Idaho,ID,under18,1994,344242,83574
Idaho,ID,total,1994,1145140,83574
Idaho,ID,total,1991,1041316,83574
Idaho,ID,under18,1991,316732,83574
Idaho,ID,under18,1990,313373,83574
Idaho,ID,total,1990,1012384,83574
Illinois,IL,under18,1990,2940837,57918
Illinois,IL,total,1990,11453316,57918
Illinois,IL,total,1991,11568964,57918
Illinois,IL,under18,1991,2988715,57918
Illinois,IL,under18,1994,3110938,57918
Illinois,IL,total,1994,11912585,57918
Illinois,IL,total,1993,11809579,57918
Illinois,IL,under18,1993,3066541,57918
Illinois,IL,under18,1992,3033427,57918
Illinois,IL,total,1992,11694184,57918
Illinois,IL,total,1995,12008437,57918
Illinois,IL,under18,1995,3152984,57918
Illinois,IL,under18,1996,3192916,57918
Illinois,IL,total,1996,12101997,57918
Illinois,IL,under18,1998,3225252,57918
Illinois,IL,total,1998,12271847,57918
Illinois,IL,total,1997,12185715,57918
Illinois,IL,under18,1997,3222114,57918
Illinois,IL,total,2000,12434161,57918
Illinois,IL,under18,2000,3244944,57918
Illinois,IL,total,1999,12359020,57918
Illinois,IL,under18,1999,3240034,57918
Illinois,IL,total,2002,12525556,57918
Illinois,IL,under18,2002,3238362,57918
Illinois,IL,total,2001,12488445,57918
Illinois,IL,under18,2001,3243617,57918
Illinois,IL,total,2004,12589773,57918
Illinois,IL,under18,2004,3211599,57918
Illinois,IL,total,2003,12556006,57918
Illinois,IL,under18,2003,3225547,57918
Illinois,IL,total,2006,12643955,57918
Illinois,IL,under18,2006,3181246,57918
Illinois,IL,total,2005,12609903,57918
Illinois,IL,under18,2005,3197318,57918
Illinois,IL,total,2008,12747038,57918
Illinois,IL,under18,2008,3153401,57918
Illinois,IL,total,2007,12695866,57918
Illinois,IL,under18,2007,3170134,57918
Illinois,IL,under18,2013,3023307,57918
Illinois,IL,total,2009,12796778,57918
Illinois,IL,under18,2009,3138406,57918
Illinois,IL,total,2013,12882135,57918
Illinois,IL,total,2010,12839695,57918
Illinois,IL,under18,2010,3122092,57918
Illinois,IL,total,2011,12855970,57918
Illinois,IL,under18,2011,3089833,57918
Illinois,IL,under18,2012,3057042,57918
Illinois,IL,total,2012,12868192,57918
Indiana,IN,total,2012,6537782,36420
Indiana,IN,under18,2012,1589655,36420
Indiana,IN,under18,2011,1598091,36420
Indiana,IN,total,2011,6516336,36420
Indiana,IN,under18,2010,1605883,36420
Indiana,IN,total,2010,6489965,36420
Indiana,IN,total,2013,6570902,36420
Indiana,IN,total,2009,6459325,36420
Indiana,IN,under18,2009,1609704,36420
Indiana,IN,under18,2013,1586027,36420
Indiana,IN,total,2007,6379599,36420
Indiana,IN,under18,2007,1609494,36420
Indiana,IN,total,2008,6424806,36420
Indiana,IN,under18,2008,1611494,36420
Indiana,IN,total,2005,6278616,36420
Indiana,IN,under18,2005,1593898,36420
Indiana,IN,total,2006,6332669,36420
Indiana,IN,under18,2006,1603107,36420
Indiana,IN,total,2003,6196638,36420
Indiana,IN,under18,2003,1582560,36420
Indiana,IN,total,2004,6233007,36420
Indiana,IN,under18,2004,1586281,36420
Indiana,IN,total,2001,6127760,36420
Indiana,IN,under18,2001,1579527,36420
Indiana,IN,total,2002,6155967,36420
Indiana,IN,under18,2002,1580814,36420
Indiana,IN,total,1999,6044970,36420
Indiana,IN,under18,1999,1566079,36420
Indiana,IN,total,2000,6091866,36420
Indiana,IN,under18,2000,1574989,36420
Indiana,IN,total,1997,5955267,36420
Indiana,IN,under18,1997,1539270,36420
Indiana,IN,under18,1998,1551960,36420
Indiana,IN,total,1998,5998881,36420
Indiana,IN,under18,1996,1517961,36420
Indiana,IN,total,1996,5906013,36420
Indiana,IN,total,1995,5851459,36420
Indiana,IN,under18,1995,1507916,36420
Indiana,IN,under18,1992,1461650,36420
Indiana,IN,total,1992,5674547,36420
Indiana,IN,total,1993,5739019,36420
Indiana,IN,under18,1993,1473007,36420
Indiana,IN,under18,1994,1491802,36420
Indiana,IN,total,1994,5793526,36420
Indiana,IN,total,1991,5616388,36420
Indiana,IN,under18,1991,1450759,36420
Indiana,IN,under18,1990,1437209,36420
Indiana,IN,total,1990,5557798,36420
Iowa,IA,under18,1990,719366,56276
Iowa,IA,total,1990,2781018,56276
Iowa,IA,total,1991,2797613,56276
Iowa,IA,under18,1991,724446,56276
Iowa,IA,under18,1994,728397,56276
Iowa,IA,total,1994,2850746,56276
Iowa,IA,total,1993,2836972,56276
Iowa,IA,under18,1993,727751,56276
Iowa,IA,under18,1992,724798,56276
Iowa,IA,total,1992,2818401,56276
Iowa,IA,total,1995,2867373,56276
Iowa,IA,under18,1995,726961,56276
Iowa,IA,under18,1996,729177,56276
Iowa,IA,total,1996,2880001,56276
Iowa,IA,under18,1998,729943,56276
Iowa,IA,total,1998,2902872,56276
Iowa,IA,total,1997,2891119,56276
Iowa,IA,under18,1997,729806,56276
Iowa,IA,total,2000,2929067,56276
Iowa,IA,under18,2000,733337,56276
Iowa,IA,total,1999,2917634,56276
Iowa,IA,under18,1999,732671,56276
Iowa,IA,total,2002,2934234,56276
Iowa,IA,under18,2002,723685,56276
Iowa,IA,total,2001,2931997,56276
Iowa,IA,under18,2001,728601,56276
Iowa,IA,total,2004,2953635,56276
Iowa,IA,under18,2004,718708,56276
Iowa,IA,total,2003,2941999,56276
Iowa,IA,under18,2003,720102,56276
Iowa,IA,total,2006,2982644,56276
Iowa,IA,under18,2006,721703,56276
Iowa,IA,total,2005,2964454,56276
Iowa,IA,under18,2005,718488,56276
Iowa,IA,total,2008,3016734,56276
Iowa,IA,under18,2008,725658,56276
Iowa,IA,total,2007,2999212,56276
Iowa,IA,under18,2007,723632,56276
Iowa,IA,under18,2013,724032,56276
Iowa,IA,total,2009,3032870,56276
Iowa,IA,under18,2009,726969,56276
Iowa,IA,total,2013,3090416,56276
Iowa,IA,total,2010,3050314,56276
Iowa,IA,under18,2010,727717,56276
Iowa,IA,total,2011,3064102,56276
Iowa,IA,under18,2011,725522,56276
Iowa,IA,under18,2012,723917,56276
Iowa,IA,total,2012,3075039,56276
Kansas,KS,total,2012,2885398,82282
Kansas,KS,under18,2012,726668,82282
Kansas,KS,under18,2011,726787,82282
Kansas,KS,total,2011,2869548,82282
Kansas,KS,under18,2010,727729,82282
Kansas,KS,total,2010,2858910,82282
Kansas,KS,total,2013,2893957,82282
Kansas,KS,total,2009,2832704,82282
Kansas,KS,under18,2009,721841,82282
Kansas,KS,under18,2013,724092,82282
Kansas,KS,total,2007,2783785,82282
Kansas,KS,under18,2007,711005,82282
Kansas,KS,total,2008,2808076,82282
Kansas,KS,under18,2008,714689,82282
Kansas,KS,total,2005,2745299,82282
Kansas,KS,under18,2005,704689,82282
Kansas,KS,total,2006,2762931,82282
Kansas,KS,under18,2006,705277,82282
Kansas,KS,total,2003,2723004,82282
Kansas,KS,under18,2003,707847,82282
Kansas,KS,total,2004,2734373,82282
Kansas,KS,under18,2004,705456,82282
Kansas,KS,total,2001,2702162,82282
Kansas,KS,under18,2001,710923,82282
Kansas,KS,total,2002,2713535,82282
Kansas,KS,under18,2002,709416,82282
Kansas,KS,total,1999,2678338,82282
Kansas,KS,under18,1999,713022,82282
Kansas,KS,total,2000,2693681,82282
Kansas,KS,under18,2000,713887,82282
Kansas,KS,total,1997,2635292,82282
Kansas,KS,under18,1997,704001,82282
Kansas,KS,under18,1998,710402,82282
Kansas,KS,total,1998,2660598,82282
Kansas,KS,under18,1996,696298,82282
Kansas,KS,total,1996,2614554,82282
Kansas,KS,total,1995,2601008,82282
Kansas,KS,under18,1995,694124,82282
Kansas,KS,under18,1992,680871,82282
Kansas,KS,total,1992,2532395,82282
Kansas,KS,total,1993,2556547,82282
Kansas,KS,under18,1993,687262,82282
Kansas,KS,under18,1994,693673,82282
Kansas,KS,total,1994,2580513,82282
Kansas,KS,total,1991,2498722,82282
Kansas,KS,under18,1991,672033,82282
Kansas,KS,under18,1990,662641,82282
Kansas,KS,total,1990,2481349,82282
Kentucky,KY,under18,1990,945951,40411
Kentucky,KY,total,1990,3694048,40411
Kentucky,KY,total,1991,3722328,40411
Kentucky,KY,under18,1991,951512,40411
Kentucky,KY,under18,1994,981439,40411
Kentucky,KY,total,1994,3849088,40411
Kentucky,KY,total,1993,3812206,40411
Kentucky,KY,under18,1993,971134,40411
Kentucky,KY,under18,1992,963861,40411
Kentucky,KY,total,1992,3765469,40411
Kentucky,KY,total,1995,3887427,40411
Kentucky,KY,under18,1995,984486,40411
Kentucky,KY,under18,1996,987062,40411
Kentucky,KY,total,1996,3919536,40411
Kentucky,KY,under18,1998,997296,40411
Kentucky,KY,total,1998,3985391,40411
Kentucky,KY,total,1997,3952747,40411
Kentucky,KY,under18,1997,1002609,40411
Kentucky,KY,total,2000,4049021,40411
Kentucky,KY,under18,2000,994984,40411
Kentucky,KY,total,1999,4018053,40411
Kentucky,KY,under18,1999,996382,40411
Kentucky,KY,total,2002,4089875,40411
Kentucky,KY,under18,2002,995251,40411
Kentucky,KY,total,2001,4068132,40411
Kentucky,KY,under18,2001,994105,40411
Kentucky,KY,total,2004,4146101,40411
Kentucky,KY,under18,2004,998459,40411
Kentucky,KY,total,2003,4117170,40411
Kentucky,KY,under18,2003,998485,40411
Kentucky,KY,total,2006,4219239,40411
Kentucky,KY,under18,2006,1011295,40411
Kentucky,KY,total,2005,4182742,40411
Kentucky,KY,under18,2005,1004020,40411
Kentucky,KY,total,2008,4289878,40411
Kentucky,KY,under18,2008,1022001,40411
Kentucky,KY,total,2007,4256672,40411
Kentucky,KY,under18,2007,1016288,40411
Kentucky,KY,under18,2013,1014004,40411
Kentucky,KY,total,2009,4317074,40411
Kentucky,KY,under18,2009,1021710,40411
Kentucky,KY,total,2013,4395295,40411
Kentucky,KY,total,2010,4347698,40411
Kentucky,KY,under18,2010,1023679,40411
Kentucky,KY,total,2011,4366869,40411
Kentucky,KY,under18,2011,1021926,40411
Kentucky,KY,under18,2012,1017350,40411
Kentucky,KY,total,2012,4379730,40411
Louisiana,LA,total,2012,4602134,51843
Louisiana,LA,under18,2012,1114620,51843
Louisiana,LA,under18,2011,1116579,51843
Louisiana,LA,total,2011,4575197,51843
Louisiana,LA,under18,2010,1118576,51843
Louisiana,LA,total,2010,4545392,51843
Louisiana,LA,total,2013,4625470,51843
Louisiana,LA,total,2009,4491648,51843
Louisiana,LA,under18,2009,1114228,51843
Louisiana,LA,under18,2013,1112957,51843
Louisiana,LA,total,2007,4375581,51843
Louisiana,LA,under18,2007,1096642,51843
Louisiana,LA,total,2008,4435586,51843
Louisiana,LA,under18,2008,1108728,51843
Louisiana,LA,total,2005,4576628,51843
Louisiana,LA,under18,2005,1177954,51843
Louisiana,LA,total,2006,4302665,51843
Louisiana,LA,under18,2006,1078779,51843
Louisiana,LA,total,2003,4521042,51843
Louisiana,LA,under18,2003,1188070,51843
Louisiana,LA,total,2004,4552238,51843
Louisiana,LA,under18,2004,1182731,51843
Louisiana,LA,total,2001,4477875,51843
Louisiana,LA,under18,2001,1204187,51843
Louisiana,LA,total,2002,4497267,51843
Louisiana,LA,under18,2002,1194819,51843
Louisiana,LA,total,2000,4471885,51843
Louisiana,LA,under18,2000,1217670,51843
Louisiana,LA,total,1999,4460811,51843
Louisiana,LA,under18,1999,1227167,51843
Louisiana,LA,total,1997,4421072,51843
Louisiana,LA,under18,1997,1239665,51843
Louisiana,LA,under18,1998,1232984,51843
Louisiana,LA,total,1998,4440344,51843
Louisiana,LA,under18,1996,1244627,51843
Louisiana,LA,total,1996,4398877,51843
Louisiana,LA,total,1995,4378779,51843
Louisiana,LA,under18,1995,1250112,51843
Louisiana,LA,under18,1992,1237034,51843
Louisiana,LA,total,1992,4293003,51843
Louisiana,LA,total,1993,4316428,51843
Louisiana,LA,under18,1993,1239161,51843
Louisiana,LA,under18,1994,1247631,51843
Louisiana,LA,total,1994,4347481,51843
Louisiana,LA,total,1991,4253279,51843
Louisiana,LA,under18,1991,1222330,51843
Louisiana,LA,under18,1990,1205984,51843
Louisiana,LA,total,1990,4221532,51843
Maine,ME,under18,1990,308066,35387
Maine,ME,total,1990,1231719,35387
Maine,ME,total,1991,1237081,35387
Maine,ME,under18,1991,309871,35387
Maine,ME,under18,1994,311570,35387
Maine,ME,total,1994,1242662,35387
Maine,ME,total,1993,1242302,35387
Maine,ME,under18,1993,310966,35387
Maine,ME,under18,1992,310679,35387
Maine,ME,total,1992,1238508,35387
Maine,ME,total,1995,1243481,35387
Maine,ME,under18,1995,309173,35387
Maine,ME,under18,1996,307740,35387
Maine,ME,total,1996,1249060,35387
Maine,ME,under18,1998,304496,35387
Maine,ME,total,1998,1259127,35387
Maine,ME,total,1997,1254774,35387
Maine,ME,under18,1997,305097,35387
Maine,ME,total,1999,1266808,35387
Maine,ME,under18,1999,302321,35387
Maine,ME,total,2000,1277072,35387
Maine,ME,under18,2000,301407,35387
Maine,ME,total,2002,1295960,35387
Maine,ME,under18,2002,298595,35387
Maine,ME,total,2001,1285692,35387
Maine,ME,under18,2001,300088,35387
Maine,ME,total,2004,1313688,35387
Maine,ME,under18,2004,294791,35387
Maine,ME,total,2003,1306513,35387
Maine,ME,under18,2003,296786,35387
Maine,ME,total,2006,1323619,35387
Maine,ME,under18,2006,288945,35387
Maine,ME,total,2005,1318787,35387
Maine,ME,under18,2005,292039,35387
Maine,ME,total,2008,1330509,35387
Maine,ME,under18,2008,282204,35387
Maine,ME,total,2007,1327040,35387
Maine,ME,under18,2007,286185,35387
Maine,ME,under18,2013,261276,35387
Maine,ME,total,2009,1329590,35387
Maine,ME,under18,2009,277946,35387
Maine,ME,total,2013,1328302,35387
Maine,ME,total,2010,1327366,35387
Maine,ME,under18,2010,273061,35387
Maine,ME,total,2011,1327844,35387
Maine,ME,under18,2011,268737,35387
Maine,ME,under18,2012,264846,35387
Maine,ME,total,2012,1328501,35387
Montana,MT,total,2012,1005494,147046
Montana,MT,under18,2012,222905,147046
Montana,MT,under18,2011,222977,147046
Montana,MT,total,2011,997600,147046
Montana,MT,under18,2010,223292,147046
Montana,MT,total,2010,990527,147046
Montana,MT,total,2013,1015165,147046
Montana,MT,total,2009,983982,147046
Montana,MT,under18,2009,223675,147046
Montana,MT,under18,2013,223981,147046
Montana,MT,total,2007,964706,147046
Montana,MT,under18,2007,223135,147046
Montana,MT,total,2008,976415,147046
Montana,MT,under18,2008,223814,147046
Montana,MT,total,2005,940102,147046
Montana,MT,under18,2005,221685,147046
Montana,MT,total,2006,952692,147046
Montana,MT,under18,2006,221930,147046
Montana,MT,total,2003,919630,147046
Montana,MT,under18,2003,223012,147046
Montana,MT,total,2004,930009,147046
Montana,MT,under18,2004,221999,147046
Montana,MT,total,2002,911667,147046
Montana,MT,under18,2002,224772,147046
Montana,MT,total,2001,906961,147046
Montana,MT,under18,2001,227118,147046
Montana,MT,total,1999,897508,147046
Montana,MT,under18,1999,231133,147046
Montana,MT,total,2000,903773,147046
Montana,MT,under18,2000,230067,147046
Montana,MT,total,1997,889865,147046
Montana,MT,under18,1997,232813,147046
Montana,MT,under18,1998,231746,147046
Montana,MT,total,1998,892431,147046
Montana,MT,total,1995,876553,147046
Montana,MT,under18,1995,236583,147046
Montana,MT,under18,1996,235294,147046
Montana,MT,total,1996,886254,147046
Montana,MT,under18,1992,230868,147046
Montana,MT,total,1992,825770,147046
Montana,MT,total,1993,844761,147046
Montana,MT,under18,1993,234987,147046
Montana,MT,under18,1994,237289,147046
Montana,MT,total,1994,861306,147046
Montana,MT,total,1991,809680,147046
Montana,MT,under18,1991,225259,147046
Montana,MT,under18,1990,223677,147046
Montana,MT,total,1990,800204,147046
Nebraska,NE,under18,1990,430068,77358
Nebraska,NE,total,1990,1581660,77358
Nebraska,NE,total,1991,1595919,77358
Nebraska,NE,under18,1991,434525,77358
Nebraska,NE,under18,1994,442589,77358
Nebraska,NE,total,1994,1639041,77358
Nebraska,NE,total,1993,1625590,77358
Nebraska,NE,under18,1993,439313,77358
Nebraska,NE,under18,1992,436378,77358
Nebraska,NE,total,1992,1611687,77358
Nebraska,NE,under18,1996,446841,77358
Nebraska,NE,total,1996,1673740,77358
Nebraska,NE,total,1995,1656993,77358
Nebraska,NE,under18,1995,444418,77358
Nebraska,NE,under18,1998,451192,77358
Nebraska,NE,total,1998,1695817,77358
Nebraska,NE,total,1997,1686418,77358
Nebraska,NE,under18,1997,450076,77358
Nebraska,NE,total,1999,1704764,77358
Nebraska,NE,under18,1999,451047,77358
Nebraska,NE,total,2000,1713820,77358
Nebraska,NE,under18,2000,450380,77358
Nebraska,NE,total,2001,1719836,77358
Nebraska,NE,under18,2001,448307,77358
Nebraska,NE,total,2002,1728292,77358
Nebraska,NE,under18,2002,447714,77358
Nebraska,NE,total,2004,1749370,77358
Nebraska,NE,under18,2004,448360,77358
Nebraska,NE,total,2003,1738643,77358
Nebraska,NE,under18,2003,447444,77358
Nebraska,NE,total,2006,1772693,77358
Nebraska,NE,under18,2006,450098,77358
Nebraska,NE,total,2005,1761497,77358
Nebraska,NE,under18,2005,448918,77358
Nebraska,NE,total,2008,1796378,77358
Nebraska,NE,under18,2008,453787,77358
Nebraska,NE,total,2007,1783440,77358
Nebraska,NE,under18,2007,451946,77358
Nebraska,NE,under18,2013,464348,77358
Nebraska,NE,total,2009,1812683,77358
Nebraska,NE,under18,2009,456543,77358
Nebraska,NE,total,2013,1868516,77358
Nebraska,NE,total,2010,1829838,77358
Nebraska,NE,under18,2010,459621,77358
Nebraska,NE,total,2011,1841749,77358
Nebraska,NE,under18,2011,460872,77358
Nebraska,NE,under18,2012,462673,77358
Nebraska,NE,total,2012,1855350,77358
Nevada,NV,total,2012,2754354,110567
Nevada,NV,under18,2012,659655,110567
Nevada,NV,under18,2011,659236,110567
Nevada,NV,total,2011,2717951,110567
Nevada,NV,under18,2010,663180,110567
Nevada,NV,total,2010,2703230,110567
Nevada,NV,total,2013,2790136,110567
Nevada,NV,total,2009,2684665,110567
Nevada,NV,under18,2009,666041,110567
Nevada,NV,under18,2013,661605,110567
Nevada,NV,total,2007,2601072,110567
Nevada,NV,under18,2007,654053,110567
Nevada,NV,total,2008,2653630,110567
Nevada,NV,under18,2008,662621,110567
Nevada,NV,total,2005,2432143,110567
Nevada,NV,under18,2005,611595,110567
Nevada,NV,total,2006,2522658,110567
Nevada,NV,under18,2006,634403,110567
Nevada,NV,total,2003,2248850,110567
Nevada,NV,under18,2003,568963,110567
Nevada,NV,total,2004,2346222,110567
Nevada,NV,under18,2004,591314,110567
Nevada,NV,total,2002,2173791,110567
Nevada,NV,under18,2002,552816,110567
Nevada,NV,total,2001,2098399,110567
Nevada,NV,under18,2001,534708,110567
Nevada,NV,total,1999,1934718,110567
Nevada,NV,under18,1999,493701,110567
Nevada,NV,total,2000,2018741,110567
Nevada,NV,under18,2000,516018,110567
Nevada,NV,total,1997,1764104,110567
Nevada,NV,under18,1997,443626,110567
Nevada,NV,under18,1998,469424,110567
Nevada,NV,total,1998,1853192,110567
Nevada,NV,total,1995,1581578,110567
Nevada,NV,under18,1995,396223,110567
Nevada,NV,under18,1996,419133,110567
Nevada,NV,total,1996,1666320,110567
Nevada,NV,under18,1992,337396,110567
Nevada,NV,total,1992,1351367,110567
Nevada,NV,total,1993,1411215,110567
Nevada,NV,under18,1993,354990,110567
Nevada,NV,under18,1994,376745,110567
Nevada,NV,total,1994,1499298,110567
Nevada,NV,total,1991,1296172,110567
Nevada,NV,under18,1991,325033,110567
Nevada,NV,under18,1990,316406,110567
Nevada,NV,total,1990,1220695,110567
New Hampshire,NH,under18,1990,277454,9351
New Hampshire,NH,total,1990,1112384,9351
New Hampshire,NH,total,1991,1109929,9351
New Hampshire,NH,under18,1991,281127,9351
New Hampshire,NH,under18,1994,295563,9351
New Hampshire,NH,total,1994,1142561,9351
New Hampshire,NH,total,1993,1129458,9351
New Hampshire,NH,under18,1993,290409,9351
New Hampshire,NH,under18,1992,286314,9351
New Hampshire,NH,total,1992,1117785,9351
New Hampshire,NH,under18,1996,300161,9351
New Hampshire,NH,total,1996,1174719,9351
New Hampshire,NH,total,1995,1157561,9351
New Hampshire,NH,under18,1995,298246,9351
New Hampshire,NH,under18,1998,307292,9351
New Hampshire,NH,total,1998,1205941,9351
New Hampshire,NH,total,1997,1189425,9351
New Hampshire,NH,under18,1997,302834,9351
New Hampshire,NH,total,2000,1239882,9351
New Hampshire,NH,under18,2000,310352,9351
New Hampshire,NH,total,1999,1222015,9351
New Hampshire,NH,under18,1999,308423,9351
New Hampshire,NH,total,2001,1255517,9351
New Hampshire,NH,under18,2001,311877,9351
New Hampshire,NH,total,2002,1269089,9351
New Hampshire,NH,under18,2002,312743,9351
New Hampshire,NH,total,2004,1290121,9351
New Hampshire,NH,under18,2004,309243,9351
New Hampshire,NH,total,2003,1279840,9351
New Hampshire,NH,under18,2003,311412,9351
New Hampshire,NH,total,2005,1298492,9351
New Hampshire,NH,under18,2005,307403,9351
New Hampshire,NH,total,2006,1308389,9351
New Hampshire,NH,under18,2006,305169,9351
New Hampshire,NH,total,2008,1315906,9351
New Hampshire,NH,under18,2008,296029,9351
New Hampshire,NH,total,2007,1312540,9351
New Hampshire,NH,under18,2007,300918,9351
New Hampshire,NH,under18,2013,271122,9351
New Hampshire,NH,total,2009,1316102,9351
New Hampshire,NH,under18,2009,290850,9351
New Hampshire,NH,total,2013,1323459,9351
New Hampshire,NH,total,2010,1316614,9351
New Hampshire,NH,under18,2010,285702,9351
New Hampshire,NH,total,2011,1318075,9351
New Hampshire,NH,under18,2011,280486,9351
New Hampshire,NH,under18,2012,275818,9351
New Hampshire,NH,total,2012,1321617,9351
New Jersey,NJ,total,2012,8867749,8722
New Jersey,NJ,under18,2012,2035106,8722
New Jersey,NJ,under18,2011,2049453,8722
New Jersey,NJ,total,2011,8836639,8722
New Jersey,NJ,under18,2010,2062013,8722
New Jersey,NJ,total,2010,8802707,8722
New Jersey,NJ,total,2013,8899339,8722
New Jersey,NJ,total,2009,8755602,8722
New Jersey,NJ,under18,2009,2068684,8722
New Jersey,NJ,under18,2013,2022117,8722
New Jersey,NJ,total,2007,8677885,8722
New Jersey,NJ,under18,2007,2091023,8722
New Jersey,NJ,total,2008,8711090,8722
New Jersey,NJ,under18,2008,2076366,8722
New Jersey,NJ,total,2006,8661679,8722
New Jersey,NJ,under18,2006,2106403,8722
New Jersey,NJ,total,2005,8651974,8722
New Jersey,NJ,under18,2005,2121878,8722
New Jersey,NJ,total,2003,8601402,8722
New Jersey,NJ,under18,2003,2126014,8722
New Jersey,NJ,total,2004,8634561,8722
New Jersey,NJ,under18,2004,2129051,8722
New Jersey,NJ,total,2002,8552643,8722
New Jersey,NJ,under18,2002,2116591,8722
New Jersey,NJ,total,2001,8492671,8722
New Jersey,NJ,under18,2001,2102838,8722
New Jersey,NJ,total,1999,8359592,8722
New Jersey,NJ,under18,1999,2066678,8722
New Jersey,NJ,total,2000,8430621,8722
New Jersey,NJ,under18,2000,2088885,8722
New Jersey,NJ,total,1997,8218808,8722
New Jersey,NJ,under18,1997,2028349,8722
New Jersey,NJ,under18,1998,2042080,8722
New Jersey,NJ,total,1998,8287418,8722
New Jersey,NJ,total,1995,8083242,8722
New Jersey,NJ,under18,1995,1997187,8722
New Jersey,NJ,under18,1996,2016502,8722
New Jersey,NJ,total,1996,8149596,8722
New Jersey,NJ,under18,1992,1890108,8722
New Jersey,NJ,total,1992,7880508,8722
New Jersey,NJ,total,1993,7948915,8722
New Jersey,NJ,under18,1993,1928623,8722
New Jersey,NJ,under18,1994,1968232,8722
New Jersey,NJ,total,1994,8014306,8722
New Jersey,NJ,total,1991,7814676,8722
New Jersey,NJ,under18,1991,1849605,8722
New Jersey,NJ,under18,1990,1818187,8722
New Jersey,NJ,total,1990,7762963,8722
New Mexico,NM,total,1990,1521574,121593
New Mexico,NM,under18,1990,453538,121593
New Mexico,NM,under18,1991,461811,121593
New Mexico,NM,total,1991,1555305,121593
New Mexico,NM,under18,1994,497542,121593
New Mexico,NM,under18,1993,487742,121593
New Mexico,NM,total,1993,1636453,121593
New Mexico,NM,total,1992,1595442,121593
New Mexico,NM,under18,1992,473176,121593
New Mexico,NM,total,1994,1682398,121593
New Mexico,NM,under18,1996,508100,121593
New Mexico,NM,total,1995,1720394,121593
New Mexico,NM,under18,1995,504558,121593
New Mexico,NM,total,1996,1752326,121593
New Mexico,NM,under18,1998,512801,121593
New Mexico,NM,total,1998,1793484,121593
New Mexico,NM,total,1997,1774839,121593
New Mexico,NM,under18,1997,514500,121593
New Mexico,NM,under18,1999,511135,121593
New Mexico,NM,total,1999,1808082,121593
New Mexico,NM,total,2000,1821204,121593
New Mexico,NM,under18,2000,508132,121593
New Mexico,NM,total,2001,1831690,121593
New Mexico,NM,under18,2001,503404,121593
New Mexico,NM,total,2002,1855309,121593
New Mexico,NM,under18,2002,502779,121593
New Mexico,NM,total,2004,1903808,121593
New Mexico,NM,under18,2004,501184,121593
New Mexico,NM,total,2003,1877574,121593
New Mexico,NM,under18,2003,500777,121593
New Mexico,NM,total,2005,1932274,121593
New Mexico,NM,under18,2005,502612,121593
New Mexico,NM,total,2006,1962137,121593
New Mexico,NM,under18,2006,505125,121593
New Mexico,NM,total,2008,2010662,121593
New Mexico,NM,under18,2008,511214,121593
New Mexico,NM,total,2007,1990070,121593
New Mexico,NM,under18,2007,508725,121593
New Mexico,NM,under18,2013,507540,121593
New Mexico,NM,total,2013,2085287,121593
New Mexico,NM,total,2009,2036802,121593
New Mexico,NM,under18,2009,515470,121593
New Mexico,NM,total,2010,2064982,121593
New Mexico,NM,under18,2010,518763,121593
New Mexico,NM,under18,2011,516513,121593
New Mexico,NM,total,2011,2077919,121593
New Mexico,NM,under18,2012,512314,121593
New Mexico,NM,total,2012,2083540,121593
New York,NY,total,2012,19576125,54475
New York,NY,under18,2012,4264694,54475
New York,NY,total,2011,19502728,54475
New York,NY,under18,2011,4294555,54475
New York,NY,under18,2010,4318033,54475
New York,NY,total,2010,19398228,54475
New York,NY,total,2009,19307066,54475
New York,NY,under18,2009,4342926,54475
New York,NY,total,2013,19651127,54475
New York,NY,under18,2013,4239976,54475
New York,NY,total,2007,19132335,54475
New York,NY,under18,2007,4410949,54475
New York,NY,total,2008,19212436,54475
New York,NY,under18,2008,4372170,54475
New York,NY,total,2006,19104631,54475
New York,NY,under18,2006,4457777,54475
New York,NY,total,2005,19132610,54475
New York,NY,under18,2005,4514456,54475
New York,NY,total,2003,19175939,54475
New York,NY,under18,2003,4619506,54475
New York,NY,total,2004,19171567,54475
New York,NY,under18,2004,4574065,54475
New York,NY,total,2002,19137800,54475
New York,NY,under18,2002,4652232,54475
New York,NY,total,2001,19082838,54475
New York,NY,under18,2001,4672425,54475
New York,NY,under18,1999,4672587,54475
New York,NY,total,1999,18882725,54475
New York,NY,total,2000,19001780,54475
New York,NY,under18,2000,4687374,54475
New York,NY,under18,1997,4670787,54475
New York,NY,total,1997,18656546,54475
New York,NY,total,1998,18755906,54475
New York,NY,under18,1998,4652140,54475
New York,NY,total,1996,18588460,54475
New York,NY,under18,1995,4648419,54475
New York,NY,total,1995,18524104,54475
New York,NY,under18,1996,4667647,54475
New York,NY,total,1994,18459470,54475
New York,NY,under18,1992,4465539,54475
New York,NY,total,1992,18246653,54475
New York,NY,total,1993,18374954,54475
New York,NY,under18,1993,4538171,54475
New York,NY,under18,1994,4605284,54475
New York,NY,total,1991,18122510,54475
New York,NY,under18,1991,4372727,54475
New York,NY,under18,1990,4281643,54475
New York,NY,total,1990,18020784,54475
North Carolina,NC,under18,1990,1625804,53821
North Carolina,NC,total,1990,6664016,53821
North Carolina,NC,total,1991,6784280,53821
North Carolina,NC,under18,1991,1640394,53821
North Carolina,NC,total,1993,7042818,53821
North Carolina,NC,under18,1993,1710267,53821
North Carolina,NC,under18,1992,1674144,53821
North Carolina,NC,total,1992,6897214,53821
North Carolina,NC,under18,1994,1750754,53821
North Carolina,NC,total,1994,7187398,53821
North Carolina,NC,total,1995,7344674,53821
North Carolina,NC,under18,1995,1785150,53821
North Carolina,NC,under18,1996,1821506,53821
North Carolina,NC,total,1996,7500670,53821
North Carolina,NC,under18,1998,1894753,53821
North Carolina,NC,total,1998,7809122,53821
North Carolina,NC,total,1997,7656825,53821
North Carolina,NC,under18,1997,1861621,53821
North Carolina,NC,total,2000,8081614,53821
North Carolina,NC,under18,2000,1967626,53821
North Carolina,NC,total,1999,7949362,53821
North Carolina,NC,under18,1999,1932141,53821
North Carolina,NC,total,2001,8210122,53821
North Carolina,NC,under18,2001,2003782,53821
North Carolina,NC,total,2002,8326201,53821
North Carolina,NC,under18,2002,2034451,53821
North Carolina,NC,total,2004,8553152,53821
North Carolina,NC,under18,2004,2085165,53821
North Carolina,NC,total,2003,8422501,53821
North Carolina,NC,under18,2003,2060838,53821
North Carolina,NC,total,2005,8705407,53821
North Carolina,NC,under18,2005,2122485,53821
North Carolina,NC,total,2006,8917270,53821
North Carolina,NC,under18,2006,2166393,53821
North Carolina,NC,total,2008,9309449,53821
North Carolina,NC,under18,2008,2252101,53821
North Carolina,NC,total,2007,9118037,53821
North Carolina,NC,under18,2007,2219168,53821
North Carolina,NC,under18,2013,2285605,53821
North Carolina,NC,total,2013,9848060,53821
North Carolina,NC,total,2009,9449566,53821
North Carolina,NC,under18,2009,2272955,53821
North Carolina,NC,total,2010,9559533,53821
North Carolina,NC,under18,2010,2282288,53821
North Carolina,NC,under18,2011,2284238,53821
North Carolina,NC,total,2011,9651377,53821
North Carolina,NC,under18,2012,2284122,53821
North Carolina,NC,total,2012,9748364,53821
North Dakota,ND,total,2012,701345,70704
North Dakota,ND,under18,2012,156765,70704
North Dakota,ND,total,2011,684867,70704
North Dakota,ND,under18,2011,152357,70704
North Dakota,ND,under18,2010,150179,70704
North Dakota,ND,total,2010,674344,70704
North Dakota,ND,total,2009,664968,70704
North Dakota,ND,under18,2009,148674,70704
North Dakota,ND,total,2013,723393,70704
North Dakota,ND,under18,2013,162688,70704
North Dakota,ND,total,2007,652822,70704
North Dakota,ND,under18,2007,147263,70704
North Dakota,ND,total,2008,657569,70704
North Dakota,ND,under18,2008,147462,70704
North Dakota,ND,total,2006,649422,70704
North Dakota,ND,under18,2006,147331,70704
North Dakota,ND,total,2005,646089,70704
North Dakota,ND,under18,2005,148119,70704
North Dakota,ND,total,2003,638817,70704
North Dakota,ND,under18,2003,150406,70704
North Dakota,ND,total,2004,644705,70704
North Dakota,ND,under18,2004,149128,70704
North Dakota,ND,total,2002,638168,70704
North Dakota,ND,under18,2002,153097,70704
North Dakota,ND,total,2001,639062,70704
North Dakota,ND,under18,2001,156113,70704
North Dakota,ND,total,1999,644259,70704
North Dakota,ND,under18,1999,163056,70704
North Dakota,ND,total,2000,642023,70704
North Dakota,ND,under18,2000,160477,70704
North Dakota,ND,total,1997,649716,70704
North Dakota,ND,under18,1997,167475,70704
North Dakota,ND,under18,1998,165448,70704
North Dakota,ND,total,1998,647532,70704
North Dakota,ND,under18,1996,169257,70704
North Dakota,ND,total,1996,650382,70704
North Dakota,ND,total,1995,647832,70704
North Dakota,ND,under18,1995,171146,70704
North Dakota,ND,under18,1994,172160,70704
North Dakota,ND,total,1994,644806,70704
North Dakota,ND,under18,1992,172052,70704
North Dakota,ND,total,1992,638223,70704
North Dakota,ND,total,1993,641216,70704
North Dakota,ND,under18,1993,172168,70704
North Dakota,ND,total,1991,635753,70704
North Dakota,ND,under18,1991,171730,70704
North Dakota,ND,under18,1990,170920,70704
North Dakota,ND,total,1990,637685,70704
Ohio,OH,under18,1990,2778491,44828
Ohio,OH,total,1990,10864162,44828
Ohio,OH,total,1991,10945762,44828
Ohio,OH,under18,1991,2806959,44828
Ohio,OH,total,1993,11101140,44828
Ohio,OH,under18,1993,2855785,44828
Ohio,OH,under18,1992,2839356,44828
Ohio,OH,total,1992,11029431,44828
Ohio,OH,under18,1994,2875397,44828
Ohio,OH,total,1994,11152455,44828
Ohio,OH,total,1995,11202751,44828
Ohio,OH,under18,1995,2879930,44828
Ohio,OH,under18,1996,2883443,44828
Ohio,OH,total,1996,11242827,44828
Ohio,OH,under18,1998,2896255,44828
Ohio,OH,total,1998,11311536,44828
Ohio,OH,total,1997,11277357,44828
Ohio,OH,under18,1997,2897375,44828
Ohio,OH,total,2000,11363543,44828
Ohio,OH,under18,2000,2886585,44828
Ohio,OH,total,1999,11335454,44828
Ohio,OH,under18,1999,2893270,44828
Ohio,OH,total,2001,11387404,44828
Ohio,OH,under18,2001,2878123,44828
Ohio,OH,total,2002,11407889,44828
Ohio,OH,under18,2002,2865674,44828
Ohio,OH,total,2004,11452251,44828
Ohio,OH,under18,2004,2836068,44828
Ohio,OH,total,2003,11434788,44828
Ohio,OH,under18,2003,2849573,44828
Ohio,OH,total,2005,11463320,44828
Ohio,OH,under18,2005,2819794,44828
Ohio,OH,total,2006,11481213,44828
Ohio,OH,under18,2006,2804828,44828
Ohio,OH,total,2008,11515391,44828
Ohio,OH,under18,2008,2768968,44828
Ohio,OH,total,2007,11500468,44828
Ohio,OH,under18,2007,2790347,44828
Ohio,OH,under18,2013,2649830,44828
Ohio,OH,total,2013,11570808,44828
Ohio,OH,total,2009,11528896,44828
Ohio,OH,under18,2009,2748051,44828
Ohio,OH,total,2010,11545435,44828
Ohio,OH,under18,2010,2722589,44828
Ohio,OH,under18,2011,2693469,44828
Ohio,OH,total,2011,11549772,44828
Ohio,OH,under18,2012,2668125,44828
Ohio,OH,total,2012,11553031,44828
Oklahoma,OK,total,2012,3815780,69903
Oklahoma,OK,under18,2012,939911,69903
Oklahoma,OK,total,2011,3785534,69903
Oklahoma,OK,under18,2011,935714,69903
Oklahoma,OK,under18,2010,931483,69903
Oklahoma,OK,total,2010,3759263,69903
Oklahoma,OK,total,2009,3717572,69903
Oklahoma,OK,under18,2009,922711,69903
Oklahoma,OK,total,2013,3850568,69903
Oklahoma,OK,under18,2013,947027,69903
Oklahoma,OK,total,2007,3634349,69903
Oklahoma,OK,under18,2007,904328,69903
Oklahoma,OK,total,2008,3668976,69903
Oklahoma,OK,under18,2008,910617,69903
Oklahoma,OK,total,2006,3594090,69903
Oklahoma,OK,under18,2006,894761,69903
Oklahoma,OK,total,2005,3548597,69903
Oklahoma,OK,under18,2005,885316,69903
Oklahoma,OK,total,2003,3504892,69903
Oklahoma,OK,under18,2003,883959,69903
Oklahoma,OK,total,2004,3525233,69903
Oklahoma,OK,under18,2004,881606,69903
Oklahoma,OK,total,2002,3489080,69903
Oklahoma,OK,under18,2002,884961,69903
Oklahoma,OK,total,2001,3467100,69903
Oklahoma,OK,under18,2001,885218,69903
Oklahoma,OK,total,1999,3437148,69903
Oklahoma,OK,under18,1999,895678,69903
Oklahoma,OK,total,2000,3454365,69903
Oklahoma,OK,under18,2000,891847,69903
Oklahoma,OK,total,1997,3372918,69903
Oklahoma,OK,under18,1997,893835,69903
Oklahoma,OK,under18,1998,898501,69903
Oklahoma,OK,total,1998,3405194,69903
Oklahoma,OK,under18,1996,887093,69903
Oklahoma,OK,total,1996,3340129,69903
Oklahoma,OK,total,1995,3308208,69903
Oklahoma,OK,under18,1995,883667,69903
Oklahoma,OK,under18,1994,877803,69903
Oklahoma,OK,total,1994,3280940,69903
Oklahoma,OK,under18,1992,862548,69903
Oklahoma,OK,total,1992,3220517,69903
Oklahoma,OK,total,1993,3252285,69903
Oklahoma,OK,under18,1993,870137,69903
Oklahoma,OK,total,1991,3175440,69903
Oklahoma,OK,under18,1991,849639,69903
Oklahoma,OK,under18,1990,841715,69903
Oklahoma,OK,total,1990,3148825,69903
Oregon,OR,under18,1990,742436,98386
Oregon,OR,total,1990,2860375,98386
Oregon,OR,total,1991,2928507,98386
Oregon,OR,under18,1991,752442,98386
Oregon,OR,total,1993,3060367,98386
Oregon,OR,under18,1993,778973,98386
Oregon,OR,under18,1992,770191,98386
Oregon,OR,total,1992,2991755,98386
Oregon,OR,under18,1994,793435,98386
Oregon,OR,total,1994,3121264,98386
Oregon,OR,total,1995,3184369,98386
Oregon,OR,under18,1995,806512,98386
Oregon,OR,under18,1996,816102,98386
Oregon,OR,total,1996,3247111,98386
Oregon,OR,under18,1998,837928,98386
Oregon,OR,total,1998,3352449,98386
Oregon,OR,total,1997,3304310,98386
Oregon,OR,under18,1997,830002,98386
Oregon,OR,total,2000,3429708,98386
Oregon,OR,under18,2000,847511,98386
Oregon,OR,total,1999,3393941,98386
Oregon,OR,under18,1999,843484,98386
Oregon,OR,total,2001,3467937,98386
Oregon,OR,under18,2001,848663,98386
Oregon,OR,total,2002,3513424,98386
Oregon,OR,under18,2002,850733,98386
Oregon,OR,total,2004,3569463,98386
Oregon,OR,under18,2004,846786,98386
Oregon,OR,total,2003,3547376,98386
Oregon,OR,under18,2003,850251,98386
Oregon,OR,total,2005,3613202,98386
Oregon,OR,under18,2005,849323,98386
Oregon,OR,total,2006,3670883,98386
Oregon,OR,under18,2006,857003,98386
Oregon,OR,total,2008,3768748,98386
Oregon,OR,under18,2008,865664,98386
Oregon,OR,total,2007,3722417,98386
Oregon,OR,under18,2007,862161,98386
Oregon,OR,under18,2013,857606,98386
Oregon,OR,total,2013,3930065,98386
Oregon,OR,total,2009,3808600,98386
Oregon,OR,under18,2009,866194,98386
Oregon,OR,total,2010,3837208,98386
Oregon,OR,under18,2010,865129,98386
Oregon,OR,under18,2011,862518,98386
Oregon,OR,total,2011,3867937,98386
Oregon,OR,under18,2012,859910,98386
Oregon,OR,total,2012,3899801,98386
Maryland,MD,total,2012,5884868,12407
Maryland,MD,under18,2012,1346235,12407
Maryland,MD,under18,2011,1348766,12407
Maryland,MD,total,2011,5840241,12407
Maryland,MD,under18,2010,1351983,12407
Maryland,MD,total,2010,5787193,12407
Maryland,MD,total,2013,5928814,12407
Maryland,MD,total,2009,5730388,12407
Maryland,MD,under18,2009,1353631,12407
Maryland,MD,under18,2013,1344522,12407
Maryland,MD,total,2007,5653408,12407
Maryland,MD,under18,2007,1369563,12407
Maryland,MD,total,2008,5684965,12407
Maryland,MD,under18,2008,1359214,12407
Maryland,MD,total,2005,5592379,12407
Maryland,MD,under18,2005,1382966,12407
Maryland,MD,total,2006,5627367,12407
Maryland,MD,under18,2006,1377756,12407
Maryland,MD,total,2003,5496269,12407
Maryland,MD,under18,2003,1379641,12407
Maryland,MD,total,2004,5546935,12407
Maryland,MD,under18,2004,1383450,12407
Maryland,MD,total,2001,5374691,12407
Maryland,MD,under18,2001,1366552,12407
Maryland,MD,total,2002,5440389,12407
Maryland,MD,under18,2002,1375354,12407
Maryland,MD,total,2000,5311034,12407
Maryland,MD,under18,2000,1356961,12407
Maryland,MD,total,1999,5254509,12407
Maryland,MD,under18,1999,1348659,12407
Maryland,MD,total,1997,5157328,12407
Maryland,MD,under18,1997,1321306,12407
Maryland,MD,under18,1998,1338727,12407
Maryland,MD,total,1998,5204464,12407
Maryland,MD,under18,1996,1303816,12407
Maryland,MD,total,1996,5111986,12407
Maryland,MD,total,1995,5070033,12407
Maryland,MD,under18,1995,1300695,12407
Maryland,MD,under18,1992,1235498,12407
Maryland,MD,total,1992,4923369,12407
Maryland,MD,total,1993,4971889,12407
Maryland,MD,under18,1993,1261738,12407
Maryland,MD,under18,1994,1280772,12407
Maryland,MD,total,1994,5023060,12407
Maryland,MD,total,1991,4867641,12407
Maryland,MD,under18,1991,1208898,12407
Maryland,MD,under18,1990,1180426,12407
Maryland,MD,total,1990,4799770,12407
Massachusetts,MA,under18,1990,1353806,10555
Massachusetts,MA,total,1990,6022639,10555
Massachusetts,MA,total,1991,6018470,10555
Massachusetts,MA,under18,1991,1375110,10555
Massachusetts,MA,under18,1994,1437069,10555
Massachusetts,MA,total,1994,6095241,10555
Massachusetts,MA,total,1993,6060569,10555
Massachusetts,MA,under18,1993,1415724,10555
Massachusetts,MA,under18,1992,1390188,10555
Massachusetts,MA,total,1992,6028709,10555
Massachusetts,MA,total,1995,6141445,10555
Massachusetts,MA,under18,1995,1453489,10555
Massachusetts,MA,under18,1996,1468614,10555
Massachusetts,MA,total,1996,6179756,10555
Massachusetts,MA,under18,1998,1491652,10555
Massachusetts,MA,total,1998,6271838,10555
Massachusetts,MA,total,1997,6226058,10555
Massachusetts,MA,under18,1997,1478203,10555
Massachusetts,MA,total,1999,6317345,10555
Massachusetts,MA,under18,1999,1495818,10555
Massachusetts,MA,total,2000,6361104,10555
Massachusetts,MA,under18,2000,1501334,10555
Massachusetts,MA,total,2001,6397634,10555
Massachusetts,MA,under18,2001,1505028,10555
Massachusetts,MA,total,2002,6417206,10555
Massachusetts,MA,under18,2002,1502652,10555
Massachusetts,MA,total,2004,6412281,10555
Massachusetts,MA,under18,2004,1479541,10555
Massachusetts,MA,total,2003,6422565,10555
Massachusetts,MA,under18,2003,1493372,10555
Massachusetts,MA,total,2006,6410084,10555
Massachusetts,MA,under18,2006,1450202,10555
Massachusetts,MA,total,2005,6403290,10555
Massachusetts,MA,under18,2005,1464140,10555
Massachusetts,MA,total,2008,6468967,10555
Massachusetts,MA,under18,2008,1429727,10555
Massachusetts,MA,total,2007,6431559,10555
Massachusetts,MA,under18,2007,1439757,10555
Massachusetts,MA,under18,2013,1393946,10555
Massachusetts,MA,total,2009,6517613,10555
Massachusetts,MA,under18,2009,1422935,10555
Massachusetts,MA,total,2013,6692824,10555
Massachusetts,MA,total,2010,6563263,10555
Massachusetts,MA,under18,2010,1415962,10555
Massachusetts,MA,total,2011,6606285,10555
Massachusetts,MA,under18,2011,1407240,10555
Massachusetts,MA,under18,2012,1399417,10555
Massachusetts,MA,total,2012,6645303,10555
Michigan,MI,total,2012,9882519,96810
Michigan,MI,under18,2012,2269365,96810
Michigan,MI,under18,2011,2299116,96810
Michigan,MI,total,2011,9874589,96810
Michigan,MI,under18,2010,2333121,96810
Michigan,MI,total,2010,9876149,96810
Michigan,MI,total,2013,9895622,96810
Michigan,MI,total,2009,9901591,96810
Michigan,MI,under18,2009,2372603,96810
Michigan,MI,under18,2013,2245201,96810
Michigan,MI,total,2007,10001284,96810
Michigan,MI,under18,2007,2470063,96810
Michigan,MI,total,2008,9946889,96810
Michigan,MI,under18,2008,2418879,96810
Michigan,MI,total,2005,10051137,96810
Michigan,MI,under18,2005,2531839,96810
Michigan,MI,total,2006,10036081,96810
Michigan,MI,under18,2006,2503548,96810
Michigan,MI,total,2003,10041152,96810
Michigan,MI,under18,2003,2569080,96810
Michigan,MI,total,2004,10055315,96810
Michigan,MI,under18,2004,2553314,96810
Michigan,MI,total,2002,10015710,96810
Michigan,MI,under18,2002,2584310,96810
Michigan,MI,total,2001,9991120,96810
Michigan,MI,under18,2001,2593310,96810
Michigan,MI,total,2000,9952450,96810
Michigan,MI,under18,2000,2596114,96810
Michigan,MI,total,1999,9897116,96810
Michigan,MI,under18,1999,2591944,96810
Michigan,MI,total,1997,9809051,96810
Michigan,MI,under18,1997,2582270,96810
Michigan,MI,under18,1998,2586343,96810
Michigan,MI,total,1998,9847942,96810
Michigan,MI,under18,1996,2569745,96810
Michigan,MI,total,1996,9758645,96810
Michigan,MI,total,1995,9676211,96810
Michigan,MI,under18,1995,2556799,96810
Michigan,MI,under18,1992,2501765,96810
Michigan,MI,total,1992,9479065,96810
Michigan,MI,total,1993,9540114,96810
Michigan,MI,under18,1993,2522249,96810
Michigan,MI,under18,1994,2535196,96810
Michigan,MI,total,1994,9597737,96810
Michigan,MI,total,1991,9400446,96810
Michigan,MI,under18,1991,2484957,96810
Michigan,MI,under18,1990,2459633,96810
Michigan,MI,total,1990,9311319,96810
Minnesota,MN,under18,1990,1176680,86943
Minnesota,MN,total,1990,4389857,86943
Minnesota,MN,total,1991,4440859,86943
Minnesota,MN,under18,1991,1191207,86943
Minnesota,MN,under18,1994,1238949,86943
Minnesota,MN,total,1994,4610355,86943
Minnesota,MN,total,1993,4555956,86943
Minnesota,MN,under18,1993,1226723,86943
Minnesota,MN,under18,1992,1213068,86943
Minnesota,MN,total,1992,4495572,86943
Minnesota,MN,total,1995,4660180,86943
Minnesota,MN,under18,1995,1245932,86943
Minnesota,MN,under18,1996,1252722,86943
Minnesota,MN,total,1996,4712827,86943
Minnesota,MN,under18,1998,1275940,86943
Minnesota,MN,total,1998,4813412,86943
Minnesota,MN,total,1997,4763390,86943
Minnesota,MN,under18,1997,1264250,86943
Minnesota,MN,total,1999,4873481,86943
Minnesota,MN,under18,1999,1283102,86943
Minnesota,MN,total,2000,4933692,86943
Minnesota,MN,under18,2000,1289715,86943
Minnesota,MN,total,2001,4982796,86943
Minnesota,MN,under18,2001,1291261,86943
Minnesota,MN,total,2002,5018935,86943
Minnesota,MN,under18,2002,1288795,86943
Minnesota,MN,total,2004,5087713,86943
Minnesota,MN,under18,2004,1281946,86943
Minnesota,MN,total,2003,5053572,86943
Minnesota,MN,under18,2003,1283687,86943
Minnesota,MN,total,2006,5163555,86943
Minnesota,MN,under18,2006,1282381,86943
Minnesota,MN,total,2005,5119598,86943
Minnesota,MN,under18,2005,1280557,86943
Minnesota,MN,total,2008,5247018,86943
Minnesota,MN,under18,2008,1284179,86943
Minnesota,MN,total,2007,5207203,86943
Minnesota,MN,under18,2007,1285074,86943
Minnesota,MN,under18,2013,1279111,86943
Minnesota,MN,total,2009,5281203,86943
Minnesota,MN,under18,2009,1284103,86943
Minnesota,MN,total,2013,5420380,86943
Minnesota,MN,total,2010,5310337,86943
Minnesota,MN,under18,2010,1282693,86943
Minnesota,MN,total,2011,5347108,86943
Minnesota,MN,under18,2011,1280424,86943
Minnesota,MN,under18,2012,1278050,86943
Minnesota,MN,total,2012,5379646,86943
Mississippi,MS,total,2012,2986450,48434
Mississippi,MS,under18,2012,742941,48434
Mississippi,MS,under18,2011,747742,48434
Mississippi,MS,total,2011,2977886,48434
Mississippi,MS,under18,2010,754111,48434
Mississippi,MS,total,2010,2970047,48434
Mississippi,MS,total,2013,2991207,48434
Mississippi,MS,total,2009,2958774,48434
Mississippi,MS,under18,2009,758539,48434
Mississippi,MS,under18,2013,737432,48434
Mississippi,MS,total,2007,2928350,48434
Mississippi,MS,under18,2007,761171,48434
Mississippi,MS,total,2008,2947806,48434
Mississippi,MS,under18,2008,760572,48434
Mississippi,MS,total,2005,2905943,48434
Mississippi,MS,under18,2005,760870,48434
Mississippi,MS,total,2006,2904978,48434
Mississippi,MS,under18,2006,756990,48434
Mississippi,MS,total,2003,2868312,48434
Mississippi,MS,under18,2003,759447,48434
Mississippi,MS,total,2004,2889010,48434
Mississippi,MS,under18,2004,760410,48434
Mississippi,MS,total,2002,2858681,48434
Mississippi,MS,under18,2002,763148,48434
Mississippi,MS,total,2001,2852994,48434
Mississippi,MS,under18,2001,768418,48434
Mississippi,MS,total,2000,2848353,48434
Mississippi,MS,under18,2000,774353,48434
Mississippi,MS,total,1999,2828408,48434
Mississippi,MS,under18,1999,775662,48434
Mississippi,MS,total,1997,2777004,48434
Mississippi,MS,under18,1997,774832,48434
Mississippi,MS,under18,1998,773721,48434
Mississippi,MS,total,1998,2804834,48434
Mississippi,MS,under18,1996,769680,48434
Mississippi,MS,total,1996,2748085,48434
Mississippi,MS,total,1995,2722659,48434
Mississippi,MS,under18,1995,767892,48434
Mississippi,MS,under18,1992,750224,48434
Mississippi,MS,total,1992,2623734,48434
Mississippi,MS,total,1993,2655100,48434
Mississippi,MS,under18,1993,755820,48434
Mississippi,MS,under18,1994,763795,48434
Mississippi,MS,total,1994,2688992,48434
Mississippi,MS,total,1991,2598733,48434
Mississippi,MS,under18,1991,738911,48434
Mississippi,MS,under18,1990,733660,48434
Mississippi,MS,total,1990,2578897,48434
Missouri,MO,under18,1990,1316423,69709
Missouri,MO,total,1990,5128880,69709
Missouri,MO,total,1991,5170800,69709
Missouri,MO,under18,1991,1332306,69709
Missouri,MO,under18,1994,1378700,69709
Missouri,MO,total,1994,5324497,69709
Missouri,MO,total,1993,5271175,69709
Missouri,MO,under18,1993,1365903,69709
Missouri,MO,under18,1992,1349729,69709
Missouri,MO,total,1992,5217101,69709
Missouri,MO,under18,1996,1408732,69709
Missouri,MO,total,1996,5431553,69709
Missouri,MO,total,1995,5378247,69709
Missouri,MO,under18,1995,1393554,69709
Missouri,MO,under18,1998,1428999,69709
Missouri,MO,total,1998,5521765,69709
Missouri,MO,total,1997,5481193,69709
Missouri,MO,under18,1997,1419837,69709
Missouri,MO,total,1999,5561948,69709
Missouri,MO,under18,1999,1428047,69709
Missouri,MO,total,2000,5607285,69709
Missouri,MO,under18,2000,1428383,69709
Missouri,MO,total,2001,5641142,69709
Missouri,MO,under18,2001,1426575,69709
Missouri,MO,total,2002,5674825,69709
Missouri,MO,under18,2002,1424513,69709
Missouri,MO,total,2004,5747741,69709
Missouri,MO,under18,2004,1420956,69709
Missouri,MO,total,2003,5709403,69709
Missouri,MO,under18,2003,1421927,69709
Missouri,MO,total,2006,5842704,69709
Missouri,MO,under18,2006,1428324,69709
Missouri,MO,total,2005,5790300,69709
Missouri,MO,under18,2005,1422978,69709
Missouri,MO,total,2008,5923916,69709
Missouri,MO,under18,2008,1428945,69709
Missouri,MO,total,2007,5887612,69709
Missouri,MO,under18,2007,1431346,69709
Missouri,MO,under18,2013,1397685,69709
Missouri,MO,total,2009,5961088,69709
Missouri,MO,under18,2009,1426603,69709
Missouri,MO,total,2013,6044171,69709
Missouri,MO,total,2010,5996063,69709
Missouri,MO,under18,2010,1424042,69709
Missouri,MO,total,2011,6010065,69709
Missouri,MO,under18,2011,1414444,69709
Missouri,MO,under18,2012,1405015,69709
Missouri,MO,total,2012,6024522,69709
Pennsylvania,PA,total,2012,12764475,46058
Pennsylvania,PA,under18,2012,2737905,46058
Pennsylvania,PA,total,2011,12741310,46058
Pennsylvania,PA,under18,2011,2761343,46058
Pennsylvania,PA,under18,2010,2785316,46058
Pennsylvania,PA,total,2010,12710472,46058
Pennsylvania,PA,total,2009,12666858,46058
Pennsylvania,PA,under18,2009,2804929,46058
Pennsylvania,PA,total,2013,12773801,46058
Pennsylvania,PA,under18,2013,2715645,46058
Pennsylvania,PA,total,2007,12563937,46058
Pennsylvania,PA,under18,2007,2839574,46058
Pennsylvania,PA,total,2008,12612285,46058
Pennsylvania,PA,under18,2008,2821004,46058
Pennsylvania,PA,total,2006,12510809,46058
Pennsylvania,PA,under18,2006,2850778,46058
Pennsylvania,PA,total,2005,12449990,46058
Pennsylvania,PA,under18,2005,2859793,46058
Pennsylvania,PA,total,2003,12374658,46058
Pennsylvania,PA,under18,2003,2883270,46058
Pennsylvania,PA,total,2004,12410722,46058
Pennsylvania,PA,under18,2004,2873125,46058
Pennsylvania,PA,total,2002,12331031,46058
Pennsylvania,PA,under18,2002,2894935,46058
Pennsylvania,PA,total,2001,12298970,46058
Pennsylvania,PA,under18,2001,2905836,46058
Pennsylvania,PA,total,1999,12263805,46058
Pennsylvania,PA,under18,1999,2930193,46058
Pennsylvania,PA,total,2000,12284173,46058
Pennsylvania,PA,under18,2000,2918850,46058
Pennsylvania,PA,total,1997,12227814,46058
Pennsylvania,PA,under18,1997,2942240,46058
Pennsylvania,PA,under18,1998,2940285,46058
Pennsylvania,PA,total,1998,12245672,46058
Pennsylvania,PA,under18,1996,2937411,46058
Pennsylvania,PA,total,1996,12220464,46058
Pennsylvania,PA,total,1995,12198403,46058
Pennsylvania,PA,under18,1995,2941531,46058
Pennsylvania,PA,under18,1994,2932851,46058
Pennsylvania,PA,total,1994,12166050,46058
Pennsylvania,PA,under18,1992,2873013,46058
Pennsylvania,PA,total,1992,12049450,46058
Pennsylvania,PA,total,1993,12119724,46058
Pennsylvania,PA,under18,1993,2907351,46058
Pennsylvania,PA,total,1991,11982164,46058
Pennsylvania,PA,under18,1991,2830059,46058
Pennsylvania,PA,under18,1990,2799168,46058
Pennsylvania,PA,total,1990,11903299,46058
Rhode Island,RI,under18,1990,225923,1545
Rhode Island,RI,total,1990,1005995,1545
Rhode Island,RI,total,1991,1010649,1545
Rhode Island,RI,under18,1991,229448,1545
Rhode Island,RI,total,1993,1015113,1545
Rhode Island,RI,under18,1993,237218,1545
Rhode Island,RI,under18,1992,232630,1545
Rhode Island,RI,total,1992,1012581,1545
Rhode Island,RI,under18,1994,239100,1545
Rhode Island,RI,total,1994,1015960,1545
Rhode Island,RI,total,1995,1017002,1545
Rhode Island,RI,under18,1995,240553,1545
Rhode Island,RI,under18,1996,240569,1545
Rhode Island,RI,total,1996,1020893,1545
Rhode Island,RI,under18,1998,241760,1545
Rhode Island,RI,total,1998,1031155,1545
Rhode Island,RI,total,1997,1025353,1545
Rhode Island,RI,under18,1997,242079,1545
Rhode Island,RI,total,2000,1050268,1545
Rhode Island,RI,under18,2000,248065,1545
Rhode Island,RI,total,1999,1040402,1545
Rhode Island,RI,under18,1999,247014,1545
Rhode Island,RI,total,2001,1057142,1545
Rhode Island,RI,under18,2001,248296,1545
Rhode Island,RI,total,2002,1065995,1545
Rhode Island,RI,under18,2002,248690,1545
Rhode Island,RI,total,2004,1074579,1545
Rhode Island,RI,under18,2004,246228,1545
Rhode Island,RI,total,2003,1071342,1545
Rhode Island,RI,under18,2003,248075,1545
Rhode Island,RI,total,2005,1067916,1545
Rhode Island,RI,under18,2005,241932,1545
Rhode Island,RI,total,2006,1063096,1545
Rhode Island,RI,under18,2006,237348,1545
Rhode Island,RI,total,2008,1055003,1545
Rhode Island,RI,under18,2008,229798,1545
Rhode Island,RI,total,2007,1057315,1545
Rhode Island,RI,under18,2007,233655,1545
Rhode Island,RI,under18,2013,213987,1545
Rhode Island,RI,total,2013,1051511,1545
Rhode Island,RI,total,2009,1053646,1545
Rhode Island,RI,under18,2009,225902,1545
Rhode Island,RI,total,2010,1052669,1545
Rhode Island,RI,under18,2010,223088,1545
Rhode Island,RI,under18,2011,219783,1545
Rhode Island,RI,total,2011,1050350,1545
Rhode Island,RI,under18,2012,216591,1545
Rhode Island,RI,total,2012,1050304,1545
South Carolina,SC,total,2012,4723417,32007
South Carolina,SC,under18,2012,1077455,32007
South Carolina,SC,total,2011,4673509,32007
South Carolina,SC,under18,2011,1076524,32007
South Carolina,SC,under18,2010,1079978,32007
South Carolina,SC,total,2010,4636361,32007
South Carolina,SC,total,2009,4589872,32007
South Carolina,SC,under18,2009,1079729,32007
South Carolina,SC,total,2013,4774839,32007
South Carolina,SC,under18,2013,1079798,32007
South Carolina,SC,total,2007,4444110,32007
South Carolina,SC,under18,2007,1064190,32007
South Carolina,SC,total,2008,4528996,32007
South Carolina,SC,under18,2008,1074116,32007
South Carolina,SC,total,2006,4357847,32007
South Carolina,SC,under18,2006,1050042,32007
South Carolina,SC,total,2005,4270150,32007
South Carolina,SC,under18,2005,1036941,32007
South Carolina,SC,total,2003,4150297,32007
South Carolina,SC,under18,2003,1023785,32007
South Carolina,SC,total,2004,4210921,32007
South Carolina,SC,under18,2004,1029111,32007
South Carolina,SC,total,2002,4107795,32007
South Carolina,SC,under18,2002,1020531,32007
South Carolina,SC,total,2001,4064995,32007
South Carolina,SC,under18,2001,1016134,32007
South Carolina,SC,total,1999,3974682,32007
South Carolina,SC,under18,1999,1007050,32007
South Carolina,SC,total,2000,4024223,32007
South Carolina,SC,under18,2000,1010641,32007
South Carolina,SC,total,1997,3859696,32007
South Carolina,SC,under18,1997,1001681,32007
South Carolina,SC,under18,1998,1006371,32007
South Carolina,SC,total,1998,3919235,32007
South Carolina,SC,under18,1996,987576,32007
South Carolina,SC,total,1996,3796200,32007
South Carolina,SC,total,1995,3748582,32007
South Carolina,SC,under18,1995,975884,32007
South Carolina,SC,under18,1994,969766,32007
South Carolina,SC,total,1994,3705397,32007
South Carolina,SC,under18,1992,947868,32007
South Carolina,SC,total,1992,3620464,32007
South Carolina,SC,total,1993,3663314,32007
South Carolina,SC,under18,1993,956951,32007
South Carolina,SC,total,1991,3570404,32007
South Carolina,SC,under18,1991,936122,32007
South Carolina,SC,under18,1990,921041,32007
South Carolina,SC,total,1990,3501155,32007
South Dakota,SD,under18,1990,199453,77121
South Dakota,SD,total,1990,697101,77121
South Dakota,SD,total,1991,703669,77121
South Dakota,SD,under18,1991,201749,77121
South Dakota,SD,total,1993,722160,77121
South Dakota,SD,under18,1993,207975,77121
South Dakota,SD,under18,1992,206632,77121
South Dakota,SD,total,1992,712801,77121
South Dakota,SD,under18,1994,208443,77121
South Dakota,SD,total,1994,730790,77121
South Dakota,SD,total,1995,737926,77121
South Dakota,SD,under18,1995,207890,77121
South Dakota,SD,under18,1996,205780,77121
South Dakota,SD,total,1996,742214,77121
South Dakota,SD,under18,1998,204786,77121
South Dakota,SD,total,1998,746059,77121
South Dakota,SD,total,1997,744223,77121
South Dakota,SD,under18,1997,205978,77121
South Dakota,SD,total,2000,755844,77121
South Dakota,SD,under18,2000,202681,77121
South Dakota,SD,total,1999,750413,77121
South Dakota,SD,under18,1999,203737,77121
South Dakota,SD,total,2001,757972,77121
South Dakota,SD,under18,2001,200795,77121
South Dakota,SD,total,2002,760020,77121
South Dakota,SD,under18,2002,198694,77121
South Dakota,SD,total,2004,770396,77121
South Dakota,SD,under18,2004,196804,77121
South Dakota,SD,total,2003,763729,77121
South Dakota,SD,under18,2003,197326,77121
South Dakota,SD,total,2005,775493,77121
South Dakota,SD,under18,2005,196476,77121
South Dakota,SD,total,2006,783033,77121
South Dakota,SD,under18,2006,197332,77121
South Dakota,SD,total,2008,799124,77121
South Dakota,SD,under18,2008,199848,77121
South Dakota,SD,total,2007,791623,77121
South Dakota,SD,under18,2007,198847,77121
South Dakota,SD,under18,2013,207959,77121
South Dakota,SD,total,2013,844877,77121
South Dakota,SD,total,2009,807067,77121
South Dakota,SD,under18,2009,201204,77121
South Dakota,SD,total,2010,816211,77121
South Dakota,SD,under18,2010,203145,77121
South Dakota,SD,under18,2011,203948,77121
South Dakota,SD,total,2011,823772,77121
South Dakota,SD,under18,2012,205298,77121
South Dakota,SD,total,2012,834047,77121
Tennessee,TN,total,2012,6454914,42146
Tennessee,TN,under18,2012,1492689,42146
Tennessee,TN,total,2011,6398361,42146
Tennessee,TN,under18,2011,1491837,42146
Tennessee,TN,under18,2010,1495090,42146
Tennessee,TN,total,2010,6356683,42146
Tennessee,TN,total,2009,6306019,42146
Tennessee,TN,under18,2009,1494687,42146
Tennessee,TN,total,2013,6495978,42146
Tennessee,TN,under18,2013,1491577,42146
Tennessee,TN,total,2007,6175727,42146
Tennessee,TN,under18,2007,1482747,42146
Tennessee,TN,total,2008,6247411,42146
Tennessee,TN,under18,2008,1494354,42146
Tennessee,TN,total,2006,6088766,42146
Tennessee,TN,under18,2006,1470166,42146
Tennessee,TN,total,2005,5991057,42146
Tennessee,TN,under18,2005,1449326,42146
Tennessee,TN,total,2003,5847812,42146
Tennessee,TN,under18,2003,1424861,42146
Tennessee,TN,total,2004,5910809,42146
Tennessee,TN,under18,2004,1433343,42146
Tennessee,TN,total,2002,5795918,42146
Tennessee,TN,under18,2002,1414857,42146
Tennessee,TN,total,2001,5750789,42146
Tennessee,TN,under18,2001,1407578,42146
Tennessee,TN,total,1999,5638706,42146
Tennessee,TN,under18,1999,1385997,42146
Tennessee,TN,total,2000,5703719,42146
Tennessee,TN,under18,2000,1399685,42146
Tennessee,TN,total,1997,5499233,42146
Tennessee,TN,under18,1997,1359030,42146
Tennessee,TN,under18,1998,1369987,42146
Tennessee,TN,total,1998,5570045,42146
Tennessee,TN,under18,1996,1345723,42146
Tennessee,TN,total,1996,5416643,42146
Tennessee,TN,total,1995,5326936,42146
Tennessee,TN,under18,1995,1331616,42146
Tennessee,TN,under18,1994,1310988,42146
Tennessee,TN,total,1994,5231438,42146
Tennessee,TN,under18,1992,1259458,42146
Tennessee,TN,total,1992,5049742,42146
Tennessee,TN,total,1993,5137584,42146
Tennessee,TN,under18,1993,1285044,42146
Tennessee,TN,total,1991,4966587,42146
Tennessee,TN,under18,1991,1233260,42146
Tennessee,TN,under18,1990,1220200,42146
Tennessee,TN,total,1990,4894492,42146
Texas,TX,under18,1990,4906220,268601
Texas,TX,total,1990,17056755,268601
Texas,TX,total,1991,17398005,268601
Texas,TX,under18,1991,5000793,268601
Texas,TX,total,1993,18161612,268601
Texas,TX,under18,1993,5217899,268601
Texas,TX,under18,1992,5109805,268601
Texas,TX,total,1992,17759738,268601
Texas,TX,under18,1994,5331524,268601
Texas,TX,total,1994,18564062,268601
Texas,TX,total,1995,18958751,268601
Texas,TX,under18,1995,5421784,268601
Texas,TX,under18,1996,5551447,268601
Texas,TX,total,1996,19340342,268601
Texas,TX,under18,1998,5759054,268601
Texas,TX,total,1998,20157531,268601
Texas,TX,total,1997,19740317,268601
Texas,TX,under18,1997,5655482,268601
Texas,TX,total,2000,20944499,268601
Texas,TX,under18,2000,5906301,268601
Texas,TX,total,1999,20558220,268601
Texas,TX,under18,1999,5840211,268601
Texas,TX,total,2001,21319622,268601
Texas,TX,under18,2001,5980187,268601
Texas,TX,total,2002,21690325,268601
Texas,TX,under18,2002,6060372,268601
Texas,TX,total,2004,22394023,268601
Texas,TX,under18,2004,6208259,268601
Texas,TX,total,2003,22030931,268601
Texas,TX,under18,2003,6132980,268601
Texas,TX,total,2005,22778123,268601
Texas,TX,under18,2005,6290970,268601
Texas,TX,total,2006,23359580,268601
Texas,TX,under18,2006,6446798,268601
Texas,TX,total,2008,24309039,268601
Texas,TX,under18,2008,6675917,268601
Texas,TX,total,2007,23831983,268601
Texas,TX,under18,2007,6565872,268601
Texas,TX,under18,2013,7041986,268601
Texas,TX,total,2013,26448193,268601
Texas,TX,total,2009,24801761,268601
Texas,TX,under18,2009,6792907,268601
Texas,TX,total,2010,25245178,268601
Texas,TX,under18,2010,6879014,268601
Texas,TX,under18,2011,6931758,268601
Texas,TX,total,2011,25640909,268601
Texas,TX,under18,2012,6985807,268601
Texas,TX,total,2012,26060796,268601
Utah,UT,total,2012,2854871,84904
Utah,UT,under18,2012,888578,84904
Utah,UT,total,2011,2814784,84904
Utah,UT,under18,2011,881350,84904
Utah,UT,under18,2010,873019,84904
Utah,UT,total,2010,2774424,84904
Utah,UT,total,2009,2723421,84904
Utah,UT,under18,2009,857853,84904
Utah,UT,total,2013,2900872,84904
Utah,UT,under18,2013,896589,84904
Utah,UT,total,2007,2597746,84904
Utah,UT,under18,2007,815496,84904
Utah,UT,total,2008,2663029,84904
Utah,UT,under18,2008,837258,84904
Utah,UT,total,2006,2525507,84904
Utah,UT,under18,2006,789957,84904
Utah,UT,total,2005,2457719,84904
Utah,UT,under18,2005,767888,84904
Utah,UT,total,2003,2360137,84904
Utah,UT,under18,2003,740483,84904
Utah,UT,total,2004,2401580,84904
Utah,UT,under18,2004,751771,84904
Utah,UT,total,2002,2324815,84904
Utah,UT,under18,2002,733517,84904
Utah,UT,total,2001,2283715,84904
Utah,UT,under18,2001,726819,84904
Utah,UT,total,1999,2203482,84904
Utah,UT,under18,1999,715398,84904
Utah,UT,total,2000,2244502,84904
Utah,UT,under18,2000,721686,84904
Utah,UT,total,1997,2119784,84904
Utah,UT,under18,1997,699528,84904
Utah,UT,under18,1998,709386,84904
Utah,UT,total,1998,2165961,84904
Utah,UT,under18,1996,687078,84904
Utah,UT,total,1996,2067976,84904
Utah,UT,total,1995,2014179,84904
Utah,UT,under18,1995,679636,84904
Utah,UT,under18,1994,673935,84904
Utah,UT,total,1994,1960446,84904
Utah,UT,under18,1992,648725,84904
Utah,UT,total,1992,1836799,84904
Utah,UT,total,1993,1898404,84904
Utah,UT,under18,1993,662968,84904
Utah,UT,total,1991,1779780,84904
Utah,UT,under18,1991,637216,84904
Utah,UT,under18,1990,627122,84904
Utah,UT,total,1990,1731223,84904
Vermont,VT,under18,1990,143296,9615
Vermont,VT,total,1990,564798,9615
Vermont,VT,total,1991,568606,9615
Vermont,VT,under18,1991,145219,9615
Vermont,VT,total,1993,577748,9615
Vermont,VT,under18,1993,148705,9615
Vermont,VT,under18,1992,146983,9615
Vermont,VT,total,1992,572751,9615
Vermont,VT,under18,1994,150794,9615
Vermont,VT,total,1994,583836,9615
Vermont,VT,total,1995,589003,9615
Vermont,VT,under18,1995,151439,9615
Vermont,VT,under18,1996,151490,9615
Vermont,VT,total,1996,593701,9615
Vermont,VT,under18,1998,148467,9615
Vermont,VT,total,1998,600416,9615
Vermont,VT,total,1997,597239,9615
Vermont,VT,under18,1997,150040,9615
Vermont,VT,total,2000,609618,9615
Vermont,VT,under18,2000,147549,9615
Vermont,VT,total,1999,604683,9615
Vermont,VT,under18,1999,147859,9615
Vermont,VT,total,2001,612223,9615
Vermont,VT,under18,2001,146040,9615
Vermont,VT,total,2002,615442,9615
Vermont,VT,under18,2002,144441,9615
Vermont,VT,total,2004,619920,9615
Vermont,VT,under18,2004,141068,9615
Vermont,VT,total,2003,617858,9615
Vermont,VT,under18,2003,142718,9615
Vermont,VT,total,2005,621215,9615
Vermont,VT,under18,2005,138933,9615
Vermont,VT,total,2006,622892,9615
Vermont,VT,under18,2006,136731,9615
Vermont,VT,total,2008,624151,9615
Vermont,VT,under18,2008,132600,9615
Vermont,VT,total,2007,623481,9615
Vermont,VT,under18,2007,134695,9615
Vermont,VT,under18,2013,122701,9615
Vermont,VT,total,2013,626630,9615
Vermont,VT,total,2009,624817,9615
Vermont,VT,under18,2009,130450,9615
Vermont,VT,total,2010,625793,9615
Vermont,VT,under18,2010,128601,9615
Vermont,VT,under18,2011,126500,9615
Vermont,VT,total,2011,626320,9615
Vermont,VT,under18,2012,124555,9615
Vermont,VT,total,2012,625953,9615
Virginia,VA,total,2012,8186628,42769
Virginia,VA,under18,2012,1861323,42769
Virginia,VA,total,2011,8105850,42769
Virginia,VA,under18,2011,1857585,42769
Virginia,VA,under18,2010,1855025,42769
Virginia,VA,total,2010,8024417,42769
Virginia,VA,total,2009,7925937,42769
Virginia,VA,under18,2009,1845132,42769
Virginia,VA,total,2013,8260405,42769
Virginia,VA,under18,2013,1864535,42769
Virginia,VA,total,2007,7751000,42769
Virginia,VA,under18,2007,1834386,42769
Virginia,VA,total,2008,7833496,42769
Virginia,VA,under18,2008,1838361,42769
Virginia,VA,total,2005,7577105,42769
Virginia,VA,under18,2005,1816270,42769
Virginia,VA,total,2006,7673725,42769
Virginia,VA,under18,2006,1826368,42769
Virginia,VA,total,2003,7366977,42769
Virginia,VA,under18,2003,1782254,42769
Virginia,VA,total,2004,7475575,42769
Virginia,VA,under18,2004,1801958,42769
Virginia,VA,total,2002,7286873,42769
Virginia,VA,under18,2002,1771247,42769
Virginia,VA,total,2001,7198362,42769
Virginia,VA,under18,2001,1754549,42769
Virginia,VA,total,1999,7000174,42769
Virginia,VA,under18,1999,1723125,42769
Virginia,VA,total,2000,7105817,42769
Virginia,VA,under18,2000,1741420,42769
Virginia,VA,total,1997,6829183,42769
Virginia,VA,under18,1997,1683766,42769
Virginia,VA,under18,1998,1706261,42769
Virginia,VA,total,1998,6900918,42769
Virginia,VA,under18,1996,1664147,42769
Virginia,VA,total,1996,6750884,42769
Virginia,VA,total,1995,6670693,42769
Virginia,VA,under18,1995,1649005,42769
Virginia,VA,under18,1994,1628711,42769
Virginia,VA,total,1994,6593139,42769
Virginia,VA,under18,1992,1581544,42769
Virginia,VA,total,1992,6414307,42769
Virginia,VA,total,1993,6509630,42769
Virginia,VA,under18,1993,1604758,42769
Virginia,VA,total,1991,6301217,42769
Virginia,VA,under18,1991,1548258,42769
Virginia,VA,under18,1990,1520670,42769
Virginia,VA,total,1990,6216884,42769
Washington,WA,under18,1990,1301545,71303
Washington,WA,total,1990,4903043,71303
Washington,WA,total,1991,5025624,71303
Washington,WA,under18,1991,1326527,71303
Washington,WA,total,1993,5278842,71303
Washington,WA,under18,1993,1387716,71303
Washington,WA,under18,1992,1365480,71303
Washington,WA,total,1992,5160757,71303
Washington,WA,under18,1994,1409922,71303
Washington,WA,total,1994,5375161,71303
Washington,WA,total,1995,5481027,71303
Washington,WA,under18,1995,1429397,71303
Washington,WA,under18,1996,1449613,71303
Washington,WA,total,1996,5569753,71303
Washington,WA,under18,1998,1494784,71303
Washington,WA,total,1998,5769562,71303
Washington,WA,total,1997,5674747,71303
Washington,WA,under18,1997,1473646,71303
Washington,WA,total,2000,5910512,71303
Washington,WA,under18,2000,1516361,71303
Washington,WA,total,1999,5842564,71303
Washington,WA,under18,1999,1507824,71303
Washington,WA,total,2001,5985722,71303
Washington,WA,under18,2001,1517527,71303
Washington,WA,total,2002,6052349,71303
Washington,WA,under18,2002,1517655,71303
Washington,WA,total,2004,6178645,71303
Washington,WA,under18,2004,1520751,71303
Washington,WA,total,2003,6104115,71303
Washington,WA,under18,2003,1514877,71303
Washington,WA,total,2005,6257305,71303
Washington,WA,under18,2005,1523890,71303
Washington,WA,total,2006,6370753,71303
Washington,WA,under18,2006,1536926,71303
Washington,WA,total,2008,6562231,71303
Washington,WA,under18,2008,1560302,71303
Washington,WA,total,2007,6461587,71303
Washington,WA,under18,2007,1549582,71303
Washington,WA,under18,2013,1595795,71303
Washington,WA,total,2013,6971406,71303
Washington,WA,total,2009,6667426,71303
Washington,WA,under18,2009,1574403,71303
Washington,WA,total,2010,6742256,71303
Washington,WA,under18,2010,1581436,71303
Washington,WA,under18,2011,1584709,71303
Washington,WA,total,2011,6821481,71303
Washington,WA,under18,2012,1588451,71303
Washington,WA,total,2012,6895318,71303
West Virginia,WV,total,2012,1856680,24231
West Virginia,WV,under18,2012,384030,24231
West Virginia,WV,total,2011,1855184,24231
West Virginia,WV,under18,2011,385283,24231
West Virginia,WV,under18,2010,387224,24231
West Virginia,WV,total,2010,1854146,24231
West Virginia,WV,total,2009,1847775,24231
West Virginia,WV,under18,2009,389036,24231
West Virginia,WV,total,2013,1854304,24231
West Virginia,WV,under18,2013,381678,24231
West Virginia,WV,total,2007,1834052,24231
West Virginia,WV,under18,2007,390661,24231
West Virginia,WV,total,2008,1840310,24231
West Virginia,WV,under18,2008,390210,24231
West Virginia,WV,total,2006,1827912,24231
West Virginia,WV,under18,2006,390637,24231
West Virginia,WV,total,2005,1820492,24231
West Virginia,WV,under18,2005,390431,24231
West Virginia,WV,total,2003,1812295,24231
West Virginia,WV,under18,2003,392460,24231
West Virginia,WV,total,2004,1816438,24231
West Virginia,WV,under18,2004,391856,24231
West Virginia,WV,total,2002,1805414,24231
West Virginia,WV,under18,2002,393569,24231
West Virginia,WV,total,2001,1801481,24231
West Virginia,WV,under18,2001,395307,24231
West Virginia,WV,total,1999,1811799,24231
West Virginia,WV,under18,1999,406784,24231
West Virginia,WV,total,2000,1807021,24231
West Virginia,WV,under18,2000,401062,24231
West Virginia,WV,total,1997,1819113,24231
West Virginia,WV,under18,1997,418037,24231
West Virginia,WV,under18,1998,412793,24231
West Virginia,WV,total,1998,1815609,24231
West Virginia,WV,under18,1996,422831,24231
West Virginia,WV,total,1996,1822808,24231
West Virginia,WV,total,1995,1823700,24231
West Virginia,WV,under18,1995,428790,24231
West Virginia,WV,under18,1994,429128,24231
West Virginia,WV,total,1994,1820421,24231
West Virginia,WV,under18,1992,433116,24231
West Virginia,WV,total,1992,1806451,24231
West Virginia,WV,total,1993,1817539,24231
West Virginia,WV,under18,1993,432364,24231
West Virginia,WV,total,1991,1798735,24231
West Virginia,WV,under18,1991,433918,24231
West Virginia,WV,under18,1990,436797,24231
West Virginia,WV,total,1990,1792548,24231
Wisconsin,WI,under18,1990,1302869,65503
Wisconsin,WI,total,1990,4904562,65503
Wisconsin,WI,total,1991,4964343,65503
Wisconsin,WI,under18,1991,1314855,65503
Wisconsin,WI,total,1993,5084889,65503
Wisconsin,WI,under18,1993,1337334,65503
Wisconsin,WI,under18,1992,1330555,65503
Wisconsin,WI,total,1992,5025398,65503
Wisconsin,WI,under18,1994,1348110,65503
Wisconsin,WI,total,1994,5133678,65503
Wisconsin,WI,total,1995,5184836,65503
Wisconsin,WI,under18,1995,1351343,65503
Wisconsin,WI,under18,1996,1352877,65503
Wisconsin,WI,total,1996,5229986,65503
Wisconsin,WI,under18,1998,1362907,65503
Wisconsin,WI,total,1998,5297673,65503
Wisconsin,WI,total,1997,5266213,65503
Wisconsin,WI,under18,1997,1359712,65503
Wisconsin,WI,total,1999,5332666,65503
Wisconsin,WI,under18,1999,1367019,65503
Wisconsin,WI,total,2000,5373999,65503
Wisconsin,WI,under18,2000,1370440,65503
Wisconsin,WI,total,2001,5406835,65503
Wisconsin,WI,under18,2001,1367593,65503
Wisconsin,WI,total,2002,5445162,65503
Wisconsin,WI,under18,2002,1365315,65503
Wisconsin,WI,total,2004,5514026,65503
Wisconsin,WI,under18,2004,1354643,65503
Wisconsin,WI,total,2003,5479203,65503
Wisconsin,WI,under18,2003,1358505,65503
Wisconsin,WI,total,2005,5546166,65503
Wisconsin,WI,under18,2005,1349866,65503
Wisconsin,WI,total,2006,5577655,65503
Wisconsin,WI,under18,2006,1348785,65503
Wisconsin,WI,total,2008,5640996,65503
Wisconsin,WI,under18,2008,1345573,65503
Wisconsin,WI,total,2007,5610775,65503
Wisconsin,WI,under18,2007,1348901,65503
Wisconsin,WI,under18,2013,1307776,65503
Wisconsin,WI,total,2013,5742713,65503
Wisconsin,WI,total,2009,5669264,65503
Wisconsin,WI,under18,2009,1342411,65503
Wisconsin,WI,total,2010,5689060,65503
Wisconsin,WI,under18,2010,1336094,65503
Wisconsin,WI,under18,2011,1325870,65503
Wisconsin,WI,total,2011,5708785,65503
Wisconsin,WI,under18,2012,1316113,65503
Wisconsin,WI,total,2012,5724554,65503
Wyoming,WY,total,2012,576626,97818
Wyoming,WY,under18,2012,136526,97818
Wyoming,WY,total,2011,567329,97818
Wyoming,WY,under18,2011,135407,97818
Wyoming,WY,under18,2010,135351,97818
Wyoming,WY,total,2010,564222,97818
Wyoming,WY,total,2009,559851,97818
Wyoming,WY,under18,2009,134960,97818
Wyoming,WY,total,2013,582658,97818
Wyoming,WY,under18,2013,137679,97818
Wyoming,WY,total,2007,534876,97818
Wyoming,WY,under18,2007,128760,97818
Wyoming,WY,total,2008,546043,97818
Wyoming,WY,under18,2008,131511,97818
Wyoming,WY,total,2006,522667,97818
Wyoming,WY,under18,2006,125525,97818
Wyoming,WY,total,2005,514157,97818
Wyoming,WY,under18,2005,124022,97818
Wyoming,WY,total,2003,503453,97818
Wyoming,WY,under18,2003,124182,97818
Wyoming,WY,total,2004,509106,97818
Wyoming,WY,under18,2004,123974,97818
Wyoming,WY,total,2002,500017,97818
Wyoming,WY,under18,2002,125495,97818
Wyoming,WY,total,2001,494657,97818
Wyoming,WY,under18,2001,126212,97818
Wyoming,WY,total,2000,494300,97818
Wyoming,WY,under18,2000,128774,97818
Wyoming,WY,total,1999,491780,97818
Wyoming,WY,under18,1999,130793,97818
Wyoming,WY,total,1997,489452,97818
Wyoming,WY,under18,1997,134328,97818
Wyoming,WY,under18,1998,132602,97818
Wyoming,WY,total,1998,490787,97818
Wyoming,WY,under18,1996,135698,97818
Wyoming,WY,total,1996,488167,97818
Wyoming,WY,total,1995,485160,97818
Wyoming,WY,under18,1995,136785,97818
Wyoming,WY,under18,1994,137733,97818
Wyoming,WY,total,1994,480283,97818
Wyoming,WY,under18,1992,137308,97818
Wyoming,WY,total,1992,466251,97818
Wyoming,WY,total,1993,473081,97818
Wyoming,WY,under18,1993,137458,97818
Wyoming,WY,total,1991,459260,97818
Wyoming,WY,under18,1991,136720,97818
Wyoming,WY,under18,1990,136078,97818
Wyoming,WY,total,1990,453690,97818
Puerto Rico,PR,total,2000,3810605,3515
Puerto Rico,PR,under18,2000,1089063,3515
Puerto Rico,PR,total,2001,3818774,3515
Puerto Rico,PR,under18,2001,1077566,3515
Puerto Rico,PR,total,2002,3823701,3515
Puerto Rico,PR,under18,2002,1065051,3515
Puerto Rico,PR,total,2004,3826878,3515
Puerto Rico,PR,under18,2004,1035919,3515
Puerto Rico,PR,total,2003,3826095,3515
Puerto Rico,PR,under18,2003,1050615,3515
Puerto Rico,PR,total,2005,3821362,3515
Puerto Rico,PR,under18,2005,1019447,3515
Puerto Rico,PR,total,2006,3805214,3515
Puerto Rico,PR,under18,2006,998543,3515
Puerto Rico,PR,total,2007,3782995,3515
Puerto Rico,PR,under18,2007,973613,3515
Puerto Rico,PR,total,2008,3760866,3515
Puerto Rico,PR,under18,2008,945705,3515
Puerto Rico,PR,under18,2013,814068,3515
Puerto Rico,PR,total,2013,3615086,3515
Puerto Rico,PR,total,2009,3740410,3515
Puerto Rico,PR,under18,2009,920794,3515
Puerto Rico,PR,total,2010,3721208,3515
Puerto Rico,PR,under18,2010,896945,3515
Puerto Rico,PR,under18,2011,869327,3515
Puerto Rico,PR,total,2011,3686580,3515
Puerto Rico,PR,under18,2012,841740,3515
Puerto Rico,PR,total,2012,3651545,3515
USA,USA,under18,1990,64218512,3790399
USA,USA,total,1990,249622814,3790399
USA,USA,total,1991,252980942,3790399
USA,USA,under18,1991,65313018,3790399
USA,USA,under18,1992,66509177,3790399
USA,USA,total,1992,256514231,3790399
USA,USA,total,1993,259918595,3790399
USA,USA,under18,1993,67594938,3790399
USA,USA,under18,1994,68640936,3790399
USA,USA,total,1994,263125826,3790399
USA,USA,under18,1995,69473140,3790399
USA,USA,under18,1996,70233512,3790399
USA,USA,total,1995,266278403,3790399
USA,USA,total,1996,269394291,3790399
USA,USA,total,1997,272646932,3790399
USA,USA,under18,1997,70920738,3790399
USA,USA,under18,1998,71431406,3790399
USA,USA,total,1998,275854116,3790399
USA,USA,under18,1999,71946051,3790399
USA,USA,total,2000,282162411,3790399
USA,USA,under18,2000,72376189,3790399
USA,USA,total,1999,279040181,3790399
USA,USA,total,2001,284968955,3790399
USA,USA,under18,2001,72671175,3790399
USA,USA,total,2002,287625193,3790399
USA,USA,under18,2002,72936457,3790399
USA,USA,total,2003,290107933,3790399
USA,USA,under18,2003,73100758,3790399
USA,USA,total,2004,292805298,3790399
USA,USA,under18,2004,73297735,3790399
USA,USA,total,2005,295516599,3790399
USA,USA,under18,2005,73523669,3790399
USA,USA,total,2006,298379912,3790399
USA,USA,under18,2006,73757714,3790399
USA,USA,total,2007,301231207,3790399
USA,USA,under18,2007,74019405,3790399
USA,USA,total,2008,304093966,3790399
USA,USA,under18,2008,74104602,3790399
USA,USA,under18,2013,73585872,3790399
USA,USA,total,2013,316128839,3790399
USA,USA,total,2009,306771529,3790399
USA,USA,under18,2009,74134167,3790399
USA,USA,under18,2010,74119556,3790399
USA,USA,total,2010,309326295,3790399
USA,USA,under18,2011,73902222,3790399
USA,USA,total,2011,311582564,3790399
USA,USA,under18,2012,73708179,3790399
USA,USA,total,2012,313873685,3790399
